drop table if exists bairro cascade;
create table bairro(
    bairro_id integer not null,
    nome text not null,
    constraint bairro_pk primary key ( bairro_id )
);
 
drop table if exists cidade cascade;
create table cidade(
    cidade_id integer not null,
    nome text not null,
    constraint cidade_pk primary key ( cidade_id )
);
 
drop table if exists antena cascade;
create table antena(
    antena_id integer not null,
    bairro_id integer not null,
    cidade_id integer not null,
    constraint antena_pk primary key ( antena_id ),
    constraint bairro_fk foreign key ( bairro_id )
    references bairro( bairro_id ),
    constraint cidade_fk foreign key ( cidade_id )
    references cidade( cidade_id )

);
 
drop table if exists ligacao cascade;
create table ligacao(
    ligacao_id  bigint not null,
    antena_orig integer not null,
    antena_dest integer not null,
--    inicio  timestamp not null,
--    fim timestamp not null,
    dia date not null,
    duracao float not null,
    constraint ligacao_pk primary key( ligacao_id ),
    constraint ant_orig_fk foreign key( antena_orig )
    references antena( antena_id ),
    constraint ant_dest_fk foreign key( antena_dest )
    references antena( antena_id )
);

--- inserção de tabelas

insert into bairro values
    ( 17 ,'rdqafknjki' ),
    ( 10 ,'tydospryhd' ),
    ( 20 ,'vdnhsioool' ),
    ( 12 ,'luvmipeedp' ),
    ( 16 ,'kpiqrbdjcq' ),
    ( 23 ,'jnzfqweptd' ),
    ( 9 ,'xgyfqpotbr' ),
    ( 0 ,'bnwsroqyaq' ),
    ( 1 ,'sjkvgswpka' ),
    ( 22 ,'xyzktlzcrd' ),
    ( 15 ,'ycheawqbkx' ),
    ( 2 ,'fzuhoedzzy' ),
    ( 4 ,'xrnmuptmcq' ),
    ( 13 ,'uxkiirsojc' ),
    ( 21 ,'yofdyntsyn' ),
    ( 18 ,'iiljilczrg' ),
    ( 5 ,'nsoqjimsll' ),
    ( 7 ,'jvsdvwdgkx' ),
    ( 24 ,'brtkiiudew' ),
    ( 8 ,'zqrfzjayla' ),
    ( 19 ,'akuztnuopq' ),
    ( 14 ,'ugykimprkm' ),
    ( 3 ,'xyfcltjpnq' ),
    ( 11 ,'fyaarljwyp' ),
    ( 6 ,'dobfklxxrb' );

insert into cidade values 
    ( 12 ,'kocffegtfe' ),
    ( 7 ,'ieialiofnv' ),
    ( 10 ,'tvlerfipbl' ),
    ( 3 ,'jdkamargpr' ),
    ( 2 ,'jpinmkstyg' ),
    ( 6 ,'kjmyegezra' ),
    ( 1 ,'dfrjqnfick' ),
    ( 14 ,'jikcthkdam' ),
    ( 0 ,'ctbdtntzyg' ),
    ( 13 ,'itlgbbighm' ),
    ( 8 ,'ajsqgmcvef' ),
    ( 9 ,'mwcrgrdbwk' ),
    ( 5 ,'tndzygmagt' ),
    ( 11 ,'hrwguuheig' ),
    ( 4 ,'obegquhmgv' );

insert into antena values
    ( 1, 2, 10 ),
    ( 84, 23, 7 ),
    ( 47, 7, 14 ),
    ( 81, 15, 7 ),
    ( 76, 13, 10 ),
    ( 78, 19, 10 ),
    ( 59, 3, 0 ),
    ( 77, 15, 11 ),
    ( 91, 2, 9 ),
    ( 9, 15, 10 ),
    ( 96, 4, 8 ),
    ( 33, 20, 12 ),
    ( 37, 13, 10 ),
    ( 10, 23, 1 ),
    ( 65, 18, 3 ),
    ( 61, 2, 2 ),
    ( 17, 21, 1 ),
    ( 14, 14, 13 ),
    ( 25, 23, 14 ),
    ( 23, 17, 9 ),
    ( 27, 2, 0 ),
    ( 58, 0, 5 ),
    ( 68, 22, 14 ),
    ( 7, 17, 4 ),
    ( 75, 12, 6 ),
    ( 4, 1, 14 ),
    ( 60, 24, 13 ),
    ( 64, 16, 2 ),
    ( 74, 19, 5 ),
    ( 38, 20, 11 ),
    ( 92, 7, 0 ),
    ( 99, 22, 6 ),
    ( 6, 10, 2 ),
    ( 34, 16, 5 ),
    ( 35, 16, 12 ),
    ( 42, 19, 13 ),
    ( 45, 5, 8 ),
    ( 19, 5, 8 ),
    ( 85, 15, 12 ),
    ( 5, 11, 2 ),
    ( 46, 5, 12 ),
    ( 22, 24, 6 ),
    ( 94, 7, 7 ),
    ( 53, 20, 8 ),
    ( 70, 9, 2 ),
    ( 15, 24, 10 ),
    ( 54, 1, 14 ),
    ( 72, 10, 4 ),
    ( 49, 22, 5 ),
    ( 88, 24, 12 ),
    ( 55, 10, 7 ),
    ( 16, 22, 10 ),
    ( 79, 24, 1 ),
    ( 86, 9, 9 ),
    ( 41, 12, 10 ),
    ( 30, 14, 4 ),
    ( 40, 1, 7 ),
    ( 69, 20, 1 ),
    ( 43, 6, 13 ),
    ( 67, 8, 10 ),
    ( 2, 23, 5 ),
    ( 13, 3, 7 ),
    ( 83, 6, 12 ),
    ( 95, 19, 14 ),
    ( 11, 0, 4 ),
    ( 0, 9, 1 ),
    ( 28, 14, 5 ),
    ( 56, 9, 4 ),
    ( 44, 21, 14 ),
    ( 66, 15, 0 ),
    ( 89, 23, 6 ),
    ( 82, 9, 9 ),
    ( 52, 4, 7 ),
    ( 21, 10, 1 ),
    ( 18, 18, 6 ),
    ( 3, 24, 2 ),
    ( 12, 20, 2 ),
    ( 26, 10, 1 ),
    ( 29, 16, 10 ),
    ( 8, 23, 9 ),
    ( 39, 10, 7 ),
    ( 98, 5, 8 ),
    ( 62, 14, 8 ),
    ( 31, 17, 12 ),
    ( 32, 0, 1 ),
    ( 80, 2, 14 ),
    ( 36, 20, 8 ),
    ( 48, 18, 11 ),
    ( 20, 18, 12 ),
    ( 63, 0, 9 ),
    ( 57, 10, 5 ),
    ( 51, 2, 10 ),
    ( 87, 24, 4 ),
    ( 50, 11, 5 ),
    ( 73, 0, 13 ),
    ( 90, 21, 11 ),
    ( 24, 11, 2 ),
    ( 93, 12, 0 ),
    ( 97, 7, 5 ),
    ( 71, 16, 2 );

insert into ligacao values
    ( 0::bigint , 18 , 58 , '05/12/2018'::date , 104.44018791491487 ),
	( 1::bigint , 85 , 44 , '07/04/2019'::date , 60.22234945180192 ),
	( 2::bigint , 35 , 19 , '03/11/2018'::date , 78.70661563513798 ),
	( 3::bigint , 76 , 42 , '02/01/2019'::date , 84.18250412174893 ),
	( 4::bigint , 77 , 47 , '17/07/2019'::date , 117.54412552661705 ),
	( 5::bigint , 75 , 73 , '30/11/2019'::date , 119.93144077983453 ),
	( 6::bigint , 41 , 1 , '16/11/2019'::date , 50.28242560706777 ),
	( 7::bigint , 88 , 18 , '15/07/2019'::date , 44.669056940535434 ),
	( 8::bigint , 27 , 38 , '15/02/2019'::date , 42.64000910551011 ),
	( 9::bigint , 98 , 25 , '14/11/2019'::date , 18.45974702999524 ),
	( 10::bigint , 10 , 81 , '01/03/2019'::date , 70.68494778021238 ),
	( 11::bigint , 4 , 83 , '13/09/2019'::date , 33.13334808364456 ),
	( 12::bigint , 33 , 34 , '17/08/2019'::date , 112.77758923609623 ),
	( 13::bigint , 21 , 64 , '27/10/2018'::date , 83.42596262681695 ),
	( 14::bigint , 66 , 73 , '05/03/2018'::date , 13.213374752869354 ),
	( 15::bigint , 11 , 79 , '29/08/2019'::date , 118.2360962685673 ),
	( 16::bigint , 94 , 91 , '11/11/2019'::date , 52.96421373041125 ),
	( 17::bigint , 84 , 62 , '17/10/2019'::date , 83.85280842990753 ),
	( 18::bigint , 35 , 50 , '03/04/2018'::date , 81.01200853105341 ),
	( 19::bigint , 29 , 65 , '10/06/2019'::date , 32.876197631048086 ),
	( 20::bigint , 7 , 20 , '21/09/2018'::date , 91.707966622404 ),
	( 21::bigint , 69 , 89 , '25/08/2019'::date , 69.20908933807331 ),
	( 22::bigint , 62 , 44 , '18/05/2019'::date , 85.85989334624537 ),
	( 23::bigint , 22 , 30 , '13/12/2019'::date , 87.15862120955286 ),
	( 24::bigint , 49 , 11 , '13/03/2018'::date , 65.42554839966951 ),
	( 25::bigint , 41 , 66 , '14/10/2019'::date , 97.45545443553284 ),
	( 26::bigint , 20 , 0 , '21/05/2019'::date , 119.87296703007699 ),
	( 27::bigint , 26 , 67 , '23/05/2018'::date , 88.19715354561096 ),
	( 28::bigint , 78 , 38 , '29/12/2018'::date , 109.96040326053651 ),
	( 29::bigint , 64 , 32 , '07/02/2019'::date , 22.393652814942058 ),
	( 30::bigint , 94 , 57 , '19/07/2019'::date , 36.245872263732466 ),
	( 31::bigint , 57 , 34 , '18/08/2019'::date , 119.47745643488558 ),
	( 32::bigint , 49 , 76 , '16/03/2019'::date , 60.62061487785223 ),
	( 33::bigint , 96 , 69 , '23/11/2018'::date , 23.858436306562332 ),
	( 34::bigint , 65 , 37 , '29/07/2019'::date , 67.84343010395975 ),
	( 35::bigint , 37 , 59 , '17/01/2019'::date , 75.08159838813914 ),
	( 36::bigint , 5 , 34 , '03/05/2018'::date , 34.836780328867604 ),
	( 37::bigint , 6 , 90 , '21/08/2019'::date , 49.709950892523985 ),
	( 38::bigint , 59 , 72 , '21/01/2018'::date , 14.3922703433801 ),
	( 39::bigint , 13 , 1 , '12/08/2018'::date , 23.295538512182496 ),
	( 40::bigint , 84 , 52 , '26/02/2018'::date , 81.2257875487129 ),
	( 41::bigint , 97 , 18 , '20/02/2019'::date , 43.87390271049064 ),
	( 42::bigint , 70 , 88 , '14/11/2018'::date , 36.91058915443077 ),
	( 43::bigint , 5 , 93 , '12/04/2018'::date , 89.00099358027116 ),
	( 44::bigint , 7 , 9 , '30/07/2019'::date , 62.08368800862682 ),
	( 45::bigint , 70 , 90 , '14/11/2018'::date , 50.53703400898511 ),
	( 46::bigint , 51 , 67 , '21/04/2018'::date , 108.41902113326572 ),
	( 47::bigint , 77 , 29 , '06/09/2019'::date , 68.16001130493619 ),
	( 48::bigint , 72 , 75 , '21/07/2018'::date , 115.93482156353129 ),
	( 49::bigint , 56 , 4 , '13/10/2019'::date , 98.56527685508709 ),
	( 50::bigint , 75 , 99 , '22/06/2019'::date , 77.35848741671968 ),
	( 51::bigint , 66 , 17 , '08/04/2019'::date , 86.00252712699321 ),
	( 52::bigint , 49 , 94 , '04/10/2019'::date , 11.098222427550596 ),
	( 53::bigint , 60 , 50 , '29/09/2018'::date , 40.79478834871414 ),
	( 54::bigint , 68 , 87 , '03/04/2019'::date , 111.00827539609612 ),
	( 55::bigint , 86 , 12 , '12/05/2018'::date , 39.52118357631031 ),
	( 56::bigint , 43 , 6 , '01/10/2018'::date , 96.89649906134403 ),
	( 57::bigint , 6 , 91 , '01/09/2019'::date , 47.33443669233704 ),
	( 58::bigint , 81 , 91 , '17/12/2019'::date , 29.94849856476605 ),
	( 59::bigint , 29 , 48 , '26/02/2019'::date , 73.52930768587564 ),
	( 60::bigint , 36 , 39 , '15/09/2018'::date , 118.07983034279053 ),
	( 61::bigint , 50 , 37 , '17/06/2019'::date , 108.0772003482188 ),
	( 62::bigint , 4 , 39 , '22/12/2019'::date , 26.159002156394862 ),
	( 63::bigint , 61 , 70 , '16/10/2018'::date , 58.743960922792404 ),
	( 64::bigint , 94 , 84 , '25/04/2019'::date , 57.7592971071193 ),
	( 65::bigint , 14 , 42 , '05/09/2018'::date , 78.72739742013678 ),
	( 66::bigint , 33 , 12 , '06/09/2019'::date , 117.19693354027709 ),
	( 67::bigint , 58 , 47 , '31/01/2018'::date , 89.0952060153082 ),
	( 68::bigint , 61 , 59 , '02/12/2019'::date , 81.87306750371388 ),
	( 69::bigint , 80 , 50 , '23/07/2018'::date , 27.15349333922182 ),
	( 70::bigint , 33 , 76 , '16/01/2018'::date , 107.95929440350805 ),
	( 71::bigint , 24 , 90 , '14/02/2019'::date , 27.39455254731479 ),
	( 72::bigint , 14 , 69 , '28/08/2018'::date , 93.99955850793866 ),
	( 73::bigint , 1 , 56 , '30/03/2018'::date , 26.13612445736778 ),
	( 74::bigint , 66 , 14 , '01/09/2019'::date , 84.93735923256433 ),
	( 75::bigint , 20 , 19 , '17/04/2019'::date , 12.244348398801911 ),
	( 76::bigint , 94 , 15 , '11/06/2019'::date , 115.5906236356123 ),
	( 77::bigint , 55 , 22 , '02/06/2018'::date , 69.53827593179275 ),
	( 78::bigint , 26 , 10 , '13/05/2019'::date , 31.487772463089225 ),
	( 79::bigint , 83 , 52 , '18/12/2019'::date , 22.076627648905227 ),
	( 80::bigint , 6 , 94 , '30/07/2019'::date , 43.58505027945428 ),
	( 81::bigint , 42 , 78 , '23/01/2019'::date , 72.9797098602661 ),
	( 82::bigint , 56 , 79 , '01/05/2018'::date , 58.5547581946831 ),
	( 83::bigint , 70 , 96 , '02/11/2019'::date , 20.470862921824967 ),
	( 84::bigint , 0 , 75 , '23/08/2019'::date , 85.63218232784219 ),
	( 85::bigint , 11 , 14 , '08/01/2019'::date , 109.81976534018125 ),
	( 86::bigint , 10 , 96 , '17/10/2018'::date , 75.30316909088914 ),
	( 87::bigint , 88 , 73 , '11/11/2019'::date , 81.19404737845218 ),
	( 88::bigint , 72 , 59 , '27/04/2019'::date , 48.1516778789712 ),
	( 89::bigint , 57 , 28 , '13/08/2019'::date , 90.11380284845681 ),
	( 90::bigint , 71 , 50 , '17/10/2019'::date , 73.46855912373302 ),
	( 91::bigint , 25 , 48 , '28/10/2019'::date , 72.3188033940485 ),
	( 92::bigint , 55 , 24 , '14/07/2018'::date , 106.61364231954988 ),
	( 93::bigint , 6 , 84 , '24/10/2019'::date , 22.242246199250012 ),
	( 94::bigint , 82 , 27 , '28/04/2019'::date , 25.330852907952394 ),
	( 95::bigint , 96 , 65 , '15/11/2019'::date , 17.357855379620624 ),
	( 96::bigint , 92 , 9 , '06/03/2018'::date , 56.02748076233023 ),
	( 97::bigint , 86 , 3 , '01/04/2019'::date , 75.32469071739638 ),
	( 98::bigint , 24 , 61 , '01/12/2018'::date , 95.32972205578045 ),
	( 99::bigint , 48 , 78 , '31/07/2018'::date , 61.48968319768938 ),
	( 100::bigint , 94 , 0 , '05/07/2018'::date , 104.30823341649653 ),
	( 101::bigint , 97 , 39 , '11/09/2018'::date , 117.02663678432599 ),
	( 102::bigint , 88 , 22 , '27/12/2019'::date , 67.79291293409317 ),
	( 103::bigint , 75 , 34 , '02/01/2019'::date , 40.303253654638226 ),
	( 104::bigint , 5 , 86 , '31/03/2018'::date , 38.18254851224046 ),
	( 105::bigint , 72 , 67 , '13/09/2019'::date , 69.74059475094961 ),
	( 106::bigint , 53 , 64 , '03/07/2019'::date , 36.775927025835756 ),
	( 107::bigint , 63 , 98 , '10/07/2018'::date , 15.128160344184675 ),
	( 108::bigint , 16 , 58 , '12/04/2018'::date , 20.981077867211972 ),
	( 109::bigint , 52 , 21 , '28/01/2018'::date , 41.229293365844065 ),
	( 110::bigint , 78 , 60 , '24/01/2019'::date , 84.80136764431917 ),
	( 111::bigint , 41 , 10 , '08/10/2018'::date , 78.65079423209525 ),
	( 112::bigint , 0 , 98 , '05/06/2018'::date , 54.361692143104804 ),
	( 113::bigint , 39 , 9 , '16/03/2018'::date , 87.38424871626505 ),
	( 114::bigint , 19 , 24 , '27/07/2019'::date , 26.538761356125924 ),
	( 115::bigint , 96 , 90 , '14/02/2018'::date , 70.15073769705009 ),
	( 116::bigint , 89 , 10 , '03/12/2019'::date , 29.78412946837138 ),
	( 117::bigint , 11 , 67 , '09/01/2019'::date , 118.5066557718149 ),
	( 118::bigint , 84 , 74 , '02/03/2018'::date , 82.19743753572182 ),
	( 119::bigint , 19 , 38 , '25/07/2018'::date , 91.7492081995987 ),
	( 120::bigint , 62 , 6 , '27/08/2019'::date , 40.251934922809056 ),
	( 121::bigint , 81 , 66 , '27/11/2019'::date , 56.78634130745155 ),
	( 122::bigint , 76 , 66 , '19/04/2019'::date , 110.38001756977042 ),
	( 123::bigint , 75 , 16 , '19/06/2019'::date , 93.26510815927914 ),
	( 124::bigint , 15 , 76 , '29/11/2018'::date , 72.41285935057931 ),
	( 125::bigint , 26 , 85 , '29/05/2018'::date , 108.01209277015181 ),
	( 126::bigint , 56 , 49 , '13/09/2018'::date , 89.61829481015674 ),
	( 127::bigint , 85 , 61 , '16/10/2018'::date , 27.932703025336036 ),
	( 128::bigint , 23 , 39 , '23/11/2018'::date , 70.06220428387114 ),
	( 129::bigint , 73 , 36 , '28/05/2019'::date , 45.59185350461654 ),
	( 130::bigint , 45 , 26 , '14/04/2018'::date , 80.29141654948037 ),
	( 131::bigint , 23 , 80 , '23/10/2019'::date , 88.22256920235829 ),
	( 132::bigint , 23 , 15 , '25/07/2019'::date , 113.90967846012532 ),
	( 133::bigint , 7 , 2 , '15/04/2019'::date , 57.86708959911253 ),
	( 134::bigint , 45 , 99 , '15/05/2019'::date , 39.64727825950253 ),
	( 135::bigint , 68 , 53 , '15/02/2018'::date , 61.33273768352219 ),
	( 136::bigint , 81 , 45 , '11/02/2019'::date , 109.06114833282614 ),
	( 137::bigint , 87 , 95 , '16/12/2019'::date , 95.0062863405579 ),
	( 138::bigint , 10 , 9 , '05/08/2019'::date , 34.65323101735905 ),
	( 139::bigint , 28 , 36 , '10/12/2019'::date , 11.253073370103566 ),
	( 140::bigint , 17 , 9 , '09/07/2018'::date , 46.59918745479199 ),
	( 141::bigint , 63 , 8 , '26/12/2019'::date , 47.47690822216205 ),
	( 142::bigint , 72 , 92 , '23/10/2018'::date , 33.645512951240384 ),
	( 143::bigint , 74 , 35 , '09/03/2019'::date , 108.2262245938383 ),
	( 144::bigint , 27 , 91 , '31/05/2019'::date , 45.49536629279368 ),
	( 145::bigint , 54 , 40 , '23/12/2019'::date , 19.47482204262818 ),
	( 146::bigint , 22 , 67 , '04/09/2019'::date , 59.74927625366959 ),
	( 147::bigint , 77 , 16 , '08/12/2019'::date , 72.19936493068343 ),
	( 148::bigint , 37 , 52 , '28/11/2018'::date , 85.94717066474077 ),
	( 149::bigint , 60 , 85 , '30/01/2018'::date , 94.6224438971081 ),
	( 150::bigint , 49 , 96 , '06/02/2018'::date , 12.366354735984055 ),
	( 151::bigint , 8 , 4 , '05/08/2019'::date , 91.3373006148226 ),
	( 152::bigint , 7 , 46 , '30/09/2018'::date , 39.78831737934704 ),
	( 153::bigint , 64 , 36 , '15/05/2019'::date , 109.19482976559189 ),
	( 154::bigint , 99 , 67 , '21/10/2018'::date , 19.96397925793243 ),
	( 155::bigint , 89 , 69 , '19/07/2019'::date , 15.539940140465019 ),
	( 156::bigint , 30 , 36 , '13/08/2018'::date , 92.21891147293894 ),
	( 157::bigint , 77 , 80 , '31/12/2018'::date , 76.00139357570238 ),
	( 158::bigint , 20 , 9 , '12/08/2019'::date , 17.725018204943286 ),
	( 159::bigint , 4 , 2 , '20/07/2019'::date , 33.50635055217542 ),
	( 160::bigint , 56 , 10 , '13/02/2018'::date , 20.262484331009716 ),
	( 161::bigint , 93 , 70 , '26/02/2019'::date , 36.32600974652459 ),
	( 162::bigint , 0 , 21 , '17/03/2018'::date , 48.57882377789412 ),
	( 163::bigint , 85 , 38 , '23/06/2018'::date , 85.99741644189405 ),
	( 164::bigint , 15 , 38 , '23/12/2019'::date , 97.50086409953491 ),
	( 165::bigint , 69 , 19 , '16/03/2019'::date , 106.90155824545826 ),
	( 166::bigint , 10 , 50 , '13/07/2019'::date , 71.63385322237919 ),
	( 167::bigint , 85 , 53 , '19/08/2019'::date , 47.82174940178283 ),
	( 168::bigint , 25 , 80 , '26/07/2019'::date , 74.68570276148246 ),
	( 169::bigint , 15 , 47 , '24/05/2018'::date , 106.64708053067977 ),
	( 170::bigint , 3 , 61 , '21/01/2018'::date , 23.245648877557713 ),
	( 171::bigint , 96 , 51 , '13/04/2019'::date , 54.8362460194237 ),
	( 172::bigint , 95 , 53 , '05/01/2019'::date , 15.554944805293868 ),
	( 173::bigint , 13 , 24 , '19/06/2019'::date , 101.84676952771812 ),
	( 174::bigint , 26 , 87 , '20/03/2019'::date , 57.052238946445634 ),
	( 175::bigint , 28 , 96 , '15/04/2019'::date , 19.243161972535447 ),
	( 176::bigint , 90 , 27 , '19/04/2019'::date , 84.88137167211006 ),
	( 177::bigint , 2 , 4 , '02/01/2019'::date , 113.18997394514942 ),
	( 178::bigint , 94 , 27 , '24/03/2018'::date , 15.713317686087183 ),
	( 179::bigint , 31 , 11 , '29/05/2018'::date , 40.39119890482055 ),
	( 180::bigint , 65 , 20 , '10/07/2019'::date , 48.19673651307217 ),
	( 181::bigint , 92 , 35 , '24/08/2018'::date , 65.72808734581116 ),
	( 182::bigint , 61 , 24 , '22/12/2019'::date , 28.34825124532894 ),
	( 183::bigint , 70 , 5 , '30/10/2019'::date , 11.962161667700329 ),
	( 184::bigint , 48 , 2 , '21/07/2018'::date , 36.42969689420184 ),
	( 185::bigint , 89 , 28 , '01/03/2019'::date , 68.2401495032367 ),
	( 186::bigint , 22 , 69 , '02/07/2019'::date , 115.29384548103882 ),
	( 187::bigint , 42 , 18 , '16/05/2018'::date , 23.31326844098891 ),
	( 188::bigint , 87 , 49 , '30/10/2019'::date , 78.12531264806789 ),
	( 189::bigint , 44 , 72 , '06/02/2019'::date , 35.49393290671876 ),
	( 190::bigint , 35 , 20 , '15/07/2019'::date , 92.53912741535312 ),
	( 191::bigint , 67 , 37 , '17/09/2018'::date , 48.76097461076025 ),
	( 192::bigint , 89 , 17 , '13/08/2018'::date , 30.456196222320365 ),
	( 193::bigint , 34 , 95 , '14/09/2018'::date , 33.94705070040891 ),
	( 194::bigint , 96 , 10 , '30/03/2018'::date , 45.73096759277042 ),
	( 195::bigint , 35 , 35 , '26/01/2018'::date , 18.462521919430046 ),
	( 196::bigint , 67 , 12 , '06/08/2018'::date , 25.87255274150904 ),
	( 197::bigint , 37 , 55 , '25/07/2018'::date , 17.20476480332445 ),
	( 198::bigint , 33 , 81 , '29/01/2018'::date , 79.07942935808906 ),
	( 199::bigint , 50 , 0 , '24/11/2018'::date , 93.25018589542093 ),
	( 200::bigint , 63 , 17 , '22/08/2018'::date , 39.32680239037046 ),
	( 201::bigint , 97 , 20 , '05/09/2019'::date , 28.64049370240513 ),
	( 202::bigint , 67 , 51 , '16/05/2018'::date , 16.101588667523906 ),
	( 203::bigint , 83 , 2 , '05/04/2019'::date , 73.57709272524448 ),
	( 204::bigint , 30 , 25 , '31/12/2019'::date , 71.8672031087314 ),
	( 205::bigint , 4 , 89 , '06/04/2019'::date , 118.14621658169106 ),
	( 206::bigint , 84 , 98 , '17/03/2018'::date , 67.61168462881257 ),
	( 207::bigint , 5 , 66 , '27/12/2018'::date , 53.24156065061408 ),
	( 208::bigint , 2 , 98 , '19/08/2018'::date , 68.30301322558005 ),
	( 209::bigint , 47 , 43 , '04/05/2018'::date , 30.38583383314317 ),
	( 210::bigint , 62 , 41 , '16/05/2018'::date , 119.88620773790024 ),
	( 211::bigint , 82 , 68 , '05/05/2018'::date , 111.41403149102727 ),
	( 212::bigint , 55 , 87 , '25/12/2019'::date , 23.479367026843356 ),
	( 213::bigint , 24 , 13 , '06/08/2018'::date , 14.869159200238995 ),
	( 214::bigint , 99 , 10 , '04/05/2018'::date , 37.59017299542225 ),
	( 215::bigint , 8 , 50 , '23/12/2018'::date , 97.67698269542203 ),
	( 216::bigint , 66 , 85 , '17/02/2018'::date , 106.31642727644095 ),
	( 217::bigint , 43 , 50 , '16/02/2018'::date , 23.1219968463902 ),
	( 218::bigint , 34 , 91 , '11/03/2018'::date , 77.12483278498236 ),
	( 219::bigint , 85 , 88 , '17/12/2019'::date , 83.94252723558587 ),
	( 220::bigint , 71 , 6 , '30/06/2018'::date , 80.81046712001935 ),
	( 221::bigint , 93 , 95 , '27/10/2019'::date , 55.11725697901275 ),
	( 222::bigint , 41 , 28 , '22/10/2018'::date , 38.713448634329126 ),
	( 223::bigint , 9 , 4 , '21/06/2018'::date , 109.69436354349081 ),
	( 224::bigint , 23 , 44 , '22/10/2018'::date , 69.90324747893949 ),
	( 225::bigint , 50 , 84 , '14/01/2018'::date , 117.9593441067557 ),
	( 226::bigint , 59 , 96 , '09/11/2018'::date , 119.60565816876311 ),
	( 227::bigint , 95 , 2 , '08/10/2018'::date , 28.099753996476217 ),
	( 228::bigint , 32 , 2 , '07/12/2019'::date , 78.94564716123159 ),
	( 229::bigint , 81 , 33 , '02/03/2018'::date , 63.14811957827566 ),
	( 230::bigint , 85 , 29 , '12/06/2019'::date , 73.00062731434717 ),
	( 231::bigint , 83 , 54 , '26/09/2019'::date , 53.932939166395045 ),
	( 232::bigint , 54 , 47 , '27/02/2019'::date , 66.72890464525632 ),
	( 233::bigint , 59 , 20 , '28/10/2019'::date , 104.23742485968036 ),
	( 234::bigint , 28 , 90 , '15/11/2018'::date , 89.27488644115545 ),
	( 235::bigint , 24 , 6 , '06/02/2019'::date , 60.7465068155325 ),
	( 236::bigint , 56 , 78 , '29/12/2018'::date , 84.08163216951257 ),
	( 237::bigint , 1 , 84 , '03/05/2018'::date , 11.358714471770547 ),
	( 238::bigint , 87 , 77 , '15/11/2018'::date , 111.702137492723 ),
	( 239::bigint , 19 , 74 , '03/07/2019'::date , 44.000767485220415 ),
	( 240::bigint , 72 , 9 , '22/01/2018'::date , 33.57227042101506 ),
	( 241::bigint , 13 , 40 , '05/08/2018'::date , 46.820631571785874 ),
	( 242::bigint , 2 , 6 , '26/01/2018'::date , 48.32926222444615 ),
	( 243::bigint , 76 , 87 , '27/06/2019'::date , 13.733288064601284 ),
	( 244::bigint , 24 , 68 , '27/09/2018'::date , 77.73903565740369 ),
	( 245::bigint , 78 , 94 , '18/10/2019'::date , 80.7380769724936 ),
	( 246::bigint , 75 , 88 , '23/07/2019'::date , 92.24521552748925 ),
	( 247::bigint , 29 , 59 , '06/02/2018'::date , 54.49074718851105 ),
	( 248::bigint , 33 , 0 , '03/01/2018'::date , 49.44291477966075 ),
	( 249::bigint , 98 , 0 , '28/07/2018'::date , 66.1749765441616 ),
	( 250::bigint , 39 , 26 , '31/10/2019'::date , 51.436805608305924 ),
	( 251::bigint , 87 , 87 , '19/02/2018'::date , 111.36142596318906 ),
	( 252::bigint , 13 , 0 , '23/03/2019'::date , 111.42493667899117 ),
	( 253::bigint , 97 , 40 , '23/08/2018'::date , 84.72509512136368 ),
	( 254::bigint , 51 , 94 , '09/09/2018'::date , 16.20814113287282 ),
	( 255::bigint , 52 , 93 , '24/05/2019'::date , 93.68811034762416 ),
	( 256::bigint , 74 , 41 , '03/10/2019'::date , 90.73485725568842 ),
	( 257::bigint , 44 , 22 , '06/06/2018'::date , 119.55258579603955 ),
	( 258::bigint , 29 , 25 , '26/03/2019'::date , 90.11672894772298 ),
	( 259::bigint , 96 , 84 , '17/06/2019'::date , 20.004935340535035 ),
	( 260::bigint , 29 , 65 , '31/12/2019'::date , 84.12857969475625 ),
	( 261::bigint , 17 , 68 , '28/03/2018'::date , 51.71712136060288 ),
	( 262::bigint , 48 , 95 , '04/09/2018'::date , 100.90018660784517 ),
	( 263::bigint , 60 , 80 , '08/09/2018'::date , 115.4942764577676 ),
	( 264::bigint , 83 , 68 , '04/11/2018'::date , 13.24898970465589 ),
	( 265::bigint , 62 , 87 , '10/02/2019'::date , 57.645641673682675 ),
	( 266::bigint , 11 , 2 , '31/07/2018'::date , 20.080219180264166 ),
	( 267::bigint , 69 , 28 , '09/04/2019'::date , 28.649155694557027 ),
	( 268::bigint , 6 , 48 , '22/09/2018'::date , 117.30243927658378 ),
	( 269::bigint , 28 , 17 , '24/08/2019'::date , 85.70636841539105 ),
	( 270::bigint , 84 , 74 , '18/08/2019'::date , 53.48064828117785 ),
	( 271::bigint , 0 , 55 , '29/11/2018'::date , 80.12126932658781 ),
	( 272::bigint , 71 , 11 , '02/10/2018'::date , 14.68933394388128 ),
	( 273::bigint , 87 , 40 , '26/11/2019'::date , 44.69253600000509 ),
	( 274::bigint , 35 , 13 , '25/06/2018'::date , 65.60283254580776 ),
	( 275::bigint , 69 , 44 , '10/12/2019'::date , 50.49832351173093 ),
	( 276::bigint , 93 , 97 , '04/04/2018'::date , 97.84374130846753 ),
	( 277::bigint , 36 , 10 , '31/10/2019'::date , 15.166299926931146 ),
	( 278::bigint , 93 , 49 , '09/01/2019'::date , 40.03558782074282 ),
	( 279::bigint , 18 , 51 , '27/06/2018'::date , 46.184440969566666 ),
	( 280::bigint , 59 , 95 , '04/07/2018'::date , 103.35464824622056 ),
	( 281::bigint , 45 , 20 , '24/04/2019'::date , 37.62838106937866 ),
	( 282::bigint , 74 , 42 , '06/07/2019'::date , 95.30800789453838 ),
	( 283::bigint , 34 , 83 , '07/02/2019'::date , 110.78567963039283 ),
	( 284::bigint , 72 , 88 , '10/05/2018'::date , 69.7954751019276 ),
	( 285::bigint , 42 , 88 , '16/07/2018'::date , 118.62804430927801 ),
	( 286::bigint , 47 , 44 , '10/12/2018'::date , 16.533933435228235 ),
	( 287::bigint , 2 , 27 , '16/02/2019'::date , 110.71899605610166 ),
	( 288::bigint , 95 , 29 , '03/11/2019'::date , 89.1298219797355 ),
	( 289::bigint , 41 , 42 , '01/01/2019'::date , 89.74832892090093 ),
	( 290::bigint , 43 , 69 , '12/11/2018'::date , 106.97705074376721 ),
	( 291::bigint , 73 , 99 , '28/09/2019'::date , 119.2352169832547 ),
	( 292::bigint , 78 , 81 , '17/07/2018'::date , 72.37230492015946 ),
	( 293::bigint , 77 , 63 , '23/10/2019'::date , 14.331190044828492 ),
	( 294::bigint , 41 , 96 , '06/11/2018'::date , 54.297445548167474 ),
	( 295::bigint , 77 , 32 , '14/07/2018'::date , 97.61146287152066 ),
	( 296::bigint , 8 , 50 , '28/06/2018'::date , 58.336512504589194 ),
	( 297::bigint , 86 , 2 , '07/08/2019'::date , 89.9840506220209 ),
	( 298::bigint , 2 , 54 , '14/01/2018'::date , 114.39776411847973 ),
	( 299::bigint , 80 , 77 , '11/07/2018'::date , 101.53481519274791 ),
	( 300::bigint , 99 , 57 , '26/06/2018'::date , 67.47942178396491 ),
	( 301::bigint , 55 , 6 , '28/03/2019'::date , 55.68563739843622 ),
	( 302::bigint , 20 , 81 , '12/02/2018'::date , 28.18174266205754 ),
	( 303::bigint , 87 , 43 , '21/09/2018'::date , 65.38428663521132 ),
	( 304::bigint , 53 , 13 , '18/02/2018'::date , 85.62425139560173 ),
	( 305::bigint , 5 , 20 , '13/04/2019'::date , 80.56082656251317 ),
	( 306::bigint , 1 , 11 , '12/01/2019'::date , 39.1635805119203 ),
	( 307::bigint , 18 , 21 , '19/12/2018'::date , 56.956007027326585 ),
	( 308::bigint , 14 , 87 , '07/04/2019'::date , 90.92690342270282 ),
	( 309::bigint , 2 , 11 , '17/05/2019'::date , 80.82175293032799 ),
	( 310::bigint , 94 , 3 , '04/05/2019'::date , 113.45737371567479 ),
	( 311::bigint , 9 , 54 , '22/05/2018'::date , 78.5531507630236 ),
	( 312::bigint , 68 , 9 , '18/02/2018'::date , 115.03004315410504 ),
	( 313::bigint , 45 , 24 , '18/02/2018'::date , 75.3389457034036 ),
	( 314::bigint , 33 , 45 , '06/11/2018'::date , 119.28145189852313 ),
	( 315::bigint , 48 , 48 , '27/07/2018'::date , 17.3099997489241 ),
	( 316::bigint , 38 , 29 , '14/11/2018'::date , 32.25582669110367 ),
	( 317::bigint , 17 , 81 , '11/04/2018'::date , 18.905406113054397 ),
	( 318::bigint , 47 , 39 , '13/09/2018'::date , 13.041085340946205 ),
	( 319::bigint , 17 , 60 , '18/07/2018'::date , 70.6026650971157 ),
	( 320::bigint , 28 , 7 , '27/04/2018'::date , 54.80161367971317 ),
	( 321::bigint , 1 , 32 , '04/12/2018'::date , 89.38665445395475 ),
	( 322::bigint , 92 , 13 , '17/09/2018'::date , 22.398546629633294 ),
	( 323::bigint , 45 , 25 , '22/09/2018'::date , 65.4846518930648 ),
	( 324::bigint , 51 , 27 , '02/01/2019'::date , 46.77302408275761 ),
	( 325::bigint , 94 , 1 , '06/04/2018'::date , 38.95684849545832 ),
	( 326::bigint , 61 , 83 , '28/12/2019'::date , 118.83143209621346 ),
	( 327::bigint , 63 , 90 , '09/06/2018'::date , 32.79927883407123 ),
	( 328::bigint , 90 , 32 , '19/05/2019'::date , 33.67857550593074 ),
	( 329::bigint , 53 , 16 , '16/05/2018'::date , 15.221690493644164 ),
	( 330::bigint , 87 , 98 , '20/09/2018'::date , 85.42361837443586 ),
	( 331::bigint , 98 , 91 , '02/09/2019'::date , 109.85285364549173 ),
	( 332::bigint , 59 , 54 , '05/02/2018'::date , 104.47458480559398 ),
	( 333::bigint , 79 , 90 , '09/04/2019'::date , 21.392335451355862 ),
	( 334::bigint , 4 , 32 , '18/01/2018'::date , 63.579768496239105 ),
	( 335::bigint , 60 , 46 , '16/11/2018'::date , 55.560690178428914 ),
	( 336::bigint , 58 , 84 , '25/04/2019'::date , 88.74473621936087 ),
	( 337::bigint , 93 , 78 , '23/12/2019'::date , 30.971579136406426 ),
	( 338::bigint , 20 , 33 , '22/03/2019'::date , 38.76176756082258 ),
	( 339::bigint , 13 , 57 , '15/11/2018'::date , 93.40204020687818 ),
	( 340::bigint , 71 , 6 , '30/11/2019'::date , 66.81969356726945 ),
	( 341::bigint , 38 , 77 , '12/03/2018'::date , 108.16723522758272 ),
	( 342::bigint , 7 , 3 , '22/12/2018'::date , 88.38854611577203 ),
	( 343::bigint , 10 , 71 , '23/12/2019'::date , 15.506044821376612 ),
	( 344::bigint , 31 , 24 , '23/09/2018'::date , 110.83506711622522 ),
	( 345::bigint , 68 , 92 , '16/01/2018'::date , 59.67588253166165 ),
	( 346::bigint , 22 , 38 , '24/01/2019'::date , 41.11451011913566 ),
	( 347::bigint , 21 , 42 , '09/11/2018'::date , 60.56757188373824 ),
	( 348::bigint , 78 , 35 , '02/07/2018'::date , 54.93394594801535 ),
	( 349::bigint , 91 , 49 , '31/08/2018'::date , 80.88945930898966 ),
	( 350::bigint , 10 , 37 , '22/07/2018'::date , 87.58457239395752 ),
	( 351::bigint , 4 , 65 , '22/01/2019'::date , 45.93930663891496 ),
	( 352::bigint , 35 , 52 , '15/03/2018'::date , 50.016235969748074 ),
	( 353::bigint , 26 , 36 , '01/03/2018'::date , 12.008569097744491 ),
	( 354::bigint , 23 , 57 , '19/10/2019'::date , 16.547573637393224 ),
	( 355::bigint , 60 , 4 , '15/04/2019'::date , 26.533045136311 ),
	( 356::bigint , 25 , 96 , '21/04/2019'::date , 118.9812294369061 ),
	( 357::bigint , 69 , 16 , '07/12/2018'::date , 82.36662731966555 ),
	( 358::bigint , 39 , 71 , '12/04/2019'::date , 27.397048780895666 ),
	( 359::bigint , 63 , 87 , '07/02/2019'::date , 65.49786449371378 ),
	( 360::bigint , 13 , 63 , '05/02/2018'::date , 44.70606043737205 ),
	( 361::bigint , 56 , 19 , '30/05/2019'::date , 12.72269536037712 ),
	( 362::bigint , 36 , 94 , '25/06/2019'::date , 34.0996798052349 ),
	( 363::bigint , 8 , 5 , '28/06/2018'::date , 45.28763072114494 ),
	( 364::bigint , 36 , 48 , '29/01/2019'::date , 27.820466706412592 ),
	( 365::bigint , 33 , 15 , '09/02/2019'::date , 55.007319575046594 ),
	( 366::bigint , 52 , 50 , '31/05/2019'::date , 64.51439338864333 ),
	( 367::bigint , 99 , 78 , '25/03/2019'::date , 94.38859391293893 ),
	( 368::bigint , 29 , 51 , '30/01/2018'::date , 50.8218054663004 ),
	( 369::bigint , 40 , 12 , '06/02/2019'::date , 104.95524667893442 ),
	( 370::bigint , 83 , 35 , '30/01/2019'::date , 84.43418206592739 ),
	( 371::bigint , 15 , 57 , '26/06/2018'::date , 49.436285498295156 ),
	( 372::bigint , 54 , 32 , '09/03/2019'::date , 30.564865224199437 ),
	( 373::bigint , 38 , 19 , '19/03/2018'::date , 50.503901172219955 ),
	( 374::bigint , 42 , 79 , '05/10/2019'::date , 102.23986786684644 ),
	( 375::bigint , 26 , 65 , '26/12/2019'::date , 66.70838966305982 ),
	( 376::bigint , 19 , 47 , '02/05/2019'::date , 44.11819510304119 ),
	( 377::bigint , 27 , 28 , '02/07/2019'::date , 46.862538916450646 ),
	( 378::bigint , 7 , 4 , '15/07/2019'::date , 12.233849303793411 ),
	( 379::bigint , 12 , 39 , '30/10/2018'::date , 56.348047011925026 ),
	( 380::bigint , 18 , 0 , '13/07/2018'::date , 14.859127379414264 ),
	( 381::bigint , 7 , 53 , '20/09/2018'::date , 85.19730534243561 ),
	( 382::bigint , 12 , 38 , '01/05/2019'::date , 52.822090797568265 ),
	( 383::bigint , 70 , 29 , '21/06/2018'::date , 93.95608980748875 ),
	( 384::bigint , 67 , 9 , '20/09/2019'::date , 75.03300131096563 ),
	( 385::bigint , 66 , 40 , '19/08/2019'::date , 94.36684257298693 ),
	( 386::bigint , 47 , 14 , '20/11/2018'::date , 107.1800385191973 ),
	( 387::bigint , 19 , 34 , '04/09/2019'::date , 28.313486058196563 ),
	( 388::bigint , 24 , 57 , '30/11/2018'::date , 23.14004050049344 ),
	( 389::bigint , 51 , 77 , '08/04/2018'::date , 58.789776655630014 ),
	( 390::bigint , 21 , 51 , '06/04/2019'::date , 111.60175950639388 ),
	( 391::bigint , 90 , 69 , '09/09/2018'::date , 54.73516741788909 ),
	( 392::bigint , 26 , 93 , '26/11/2018'::date , 92.04227563928791 ),
	( 393::bigint , 24 , 24 , '02/12/2019'::date , 80.41433391208841 ),
	( 394::bigint , 92 , 37 , '15/01/2019'::date , 21.99200844407902 ),
	( 395::bigint , 15 , 5 , '29/05/2019'::date , 25.161561656692527 ),
	( 396::bigint , 36 , 25 , '26/03/2018'::date , 86.90696455792471 ),
	( 397::bigint , 37 , 53 , '04/12/2019'::date , 14.887087233879583 ),
	( 398::bigint , 78 , 27 , '08/08/2019'::date , 97.32923809775339 ),
	( 399::bigint , 92 , 49 , '06/04/2018'::date , 83.97190026032796 ),
	( 400::bigint , 35 , 72 , '09/09/2018'::date , 111.36512865289946 ),
	( 401::bigint , 12 , 54 , '19/12/2018'::date , 114.53331153571409 ),
	( 402::bigint , 81 , 50 , '08/03/2018'::date , 102.6890909477826 ),
	( 403::bigint , 66 , 16 , '21/04/2019'::date , 104.61918495659587 ),
	( 404::bigint , 69 , 91 , '20/04/2018'::date , 74.9850054632556 ),
	( 405::bigint , 18 , 76 , '14/08/2019'::date , 61.23589144785042 ),
	( 406::bigint , 9 , 74 , '05/09/2018'::date , 82.87851815026193 ),
	( 407::bigint , 6 , 78 , '04/05/2019'::date , 37.66574660225202 ),
	( 408::bigint , 32 , 59 , '22/03/2018'::date , 17.4378390986589 ),
	( 409::bigint , 42 , 87 , '01/08/2019'::date , 22.22420437254521 ),
	( 410::bigint , 43 , 81 , '24/05/2018'::date , 81.19826545937207 ),
	( 411::bigint , 12 , 88 , '09/06/2019'::date , 112.83508832182044 ),
	( 412::bigint , 22 , 61 , '23/07/2019'::date , 74.57075114966437 ),
	( 413::bigint , 17 , 28 , '28/06/2019'::date , 11.695455518019092 ),
	( 414::bigint , 57 , 22 , '17/02/2018'::date , 35.01090318278959 ),
	( 415::bigint , 45 , 95 , '26/05/2019'::date , 71.94133386832982 ),
	( 416::bigint , 96 , 43 , '09/06/2018'::date , 99.81402211954499 ),
	( 417::bigint , 33 , 17 , '30/03/2018'::date , 67.22095350335752 ),
	( 418::bigint , 13 , 48 , '08/01/2019'::date , 90.92379494740503 ),
	( 419::bigint , 66 , 27 , '01/11/2018'::date , 31.365072520043793 ),
	( 420::bigint , 35 , 38 , '17/02/2019'::date , 62.50258857159284 ),
	( 421::bigint , 32 , 59 , '28/05/2018'::date , 35.797925799123206 ),
	( 422::bigint , 94 , 5 , '30/11/2019'::date , 45.82490610033875 ),
	( 423::bigint , 14 , 96 , '10/06/2019'::date , 72.1383901255158 ),
	( 424::bigint , 51 , 76 , '30/09/2019'::date , 39.55816926142714 ),
	( 425::bigint , 50 , 91 , '16/11/2019'::date , 72.85390429797243 ),
	( 426::bigint , 94 , 16 , '30/05/2018'::date , 100.69042766992612 ),
	( 427::bigint , 31 , 24 , '18/01/2019'::date , 67.3887165973775 ),
	( 428::bigint , 32 , 64 , '05/01/2019'::date , 63.955889043194425 ),
	( 429::bigint , 79 , 64 , '19/12/2018'::date , 115.33057249368414 ),
	( 430::bigint , 46 , 40 , '29/07/2019'::date , 15.641778660260393 ),
	( 431::bigint , 83 , 79 , '17/02/2019'::date , 17.908552715668318 ),
	( 432::bigint , 83 , 39 , '24/10/2019'::date , 44.12249727181103 ),
	( 433::bigint , 45 , 52 , '08/07/2018'::date , 17.430360397136578 ),
	( 434::bigint , 27 , 74 , '24/12/2018'::date , 25.357006727508438 ),
	( 435::bigint , 52 , 93 , '21/07/2019'::date , 74.780687025416 ),
	( 436::bigint , 79 , 23 , '25/09/2019'::date , 78.71113339763633 ),
	( 437::bigint , 97 , 9 , '29/09/2019'::date , 38.50930560230347 ),
	( 438::bigint , 41 , 42 , '28/09/2018'::date , 61.98267113392364 ),
	( 439::bigint , 17 , 49 , '06/09/2018'::date , 84.86951434463009 ),
	( 440::bigint , 94 , 91 , '05/04/2019'::date , 69.91305287022738 ),
	( 441::bigint , 93 , 5 , '16/03/2019'::date , 57.669020974607406 ),
	( 442::bigint , 86 , 40 , '08/08/2019'::date , 57.010285302615706 ),
	( 443::bigint , 86 , 71 , '04/03/2018'::date , 88.92260855319225 ),
	( 444::bigint , 18 , 84 , '23/03/2018'::date , 94.09954611393871 ),
	( 445::bigint , 79 , 45 , '04/04/2018'::date , 28.95308287741019 ),
	( 446::bigint , 80 , 35 , '25/09/2019'::date , 73.27889024806476 ),
	( 447::bigint , 45 , 97 , '24/03/2019'::date , 29.835509515076488 ),
	( 448::bigint , 13 , 72 , '22/06/2019'::date , 42.66156646897188 ),
	( 449::bigint , 14 , 84 , '01/12/2018'::date , 44.97323474402476 ),
	( 450::bigint , 81 , 11 , '22/12/2018'::date , 19.767972370655777 ),
	( 451::bigint , 40 , 69 , '25/02/2018'::date , 76.70058461463124 ),
	( 452::bigint , 65 , 40 , '27/11/2019'::date , 50.57028474815958 ),
	( 453::bigint , 4 , 42 , '02/04/2018'::date , 72.74949057973726 ),
	( 454::bigint , 43 , 60 , '18/03/2018'::date , 111.49564391490259 ),
	( 455::bigint , 86 , 13 , '15/02/2018'::date , 111.496057904508 ),
	( 456::bigint , 77 , 16 , '24/09/2018'::date , 73.46577710007948 ),
	( 457::bigint , 84 , 82 , '14/03/2018'::date , 103.99919797701577 ),
	( 458::bigint , 28 , 40 , '02/07/2018'::date , 49.286122808646155 ),
	( 459::bigint , 29 , 29 , '15/02/2019'::date , 35.26934631216538 ),
	( 460::bigint , 11 , 63 , '13/07/2019'::date , 72.37494500650507 ),
	( 461::bigint , 74 , 76 , '19/09/2019'::date , 89.35500279710257 ),
	( 462::bigint , 67 , 26 , '25/10/2019'::date , 17.188611601219293 ),
	( 463::bigint , 30 , 91 , '15/08/2019'::date , 82.26036675729313 ),
	( 464::bigint , 70 , 78 , '29/11/2019'::date , 76.51869479522884 ),
	( 465::bigint , 46 , 48 , '26/05/2019'::date , 35.07161337577156 ),
	( 466::bigint , 44 , 35 , '02/07/2019'::date , 12.54395338049906 ),
	( 467::bigint , 22 , 74 , '25/05/2018'::date , 57.55082281181485 ),
	( 468::bigint , 53 , 42 , '04/08/2019'::date , 112.33858844774713 ),
	( 469::bigint , 46 , 55 , '10/10/2018'::date , 58.417440001979955 ),
	( 470::bigint , 85 , 31 , '04/12/2018'::date , 83.75974826789212 ),
	( 471::bigint , 34 , 56 , '29/06/2019'::date , 17.783403173732104 ),
	( 472::bigint , 34 , 41 , '05/10/2018'::date , 76.4801289873695 ),
	( 473::bigint , 35 , 45 , '01/04/2019'::date , 103.66683396197587 ),
	( 474::bigint , 96 , 75 , '24/06/2018'::date , 31.34158793020512 ),
	( 475::bigint , 29 , 42 , '30/10/2018'::date , 13.199211842086463 ),
	( 476::bigint , 40 , 35 , '28/06/2019'::date , 57.33227635900948 ),
	( 477::bigint , 74 , 61 , '05/02/2019'::date , 103.51737426662302 ),
	( 478::bigint , 98 , 90 , '13/10/2019'::date , 82.61768416561965 ),
	( 479::bigint , 40 , 94 , '29/05/2019'::date , 25.82293844631611 ),
	( 480::bigint , 91 , 13 , '06/01/2019'::date , 60.063622244053306 ),
	( 481::bigint , 58 , 99 , '07/02/2019'::date , 107.49590753753046 ),
	( 482::bigint , 57 , 89 , '10/12/2018'::date , 104.27193887693332 ),
	( 483::bigint , 82 , 71 , '14/01/2019'::date , 23.334375150960135 ),
	( 484::bigint , 66 , 88 , '16/11/2018'::date , 80.87754107052751 ),
	( 485::bigint , 47 , 89 , '22/11/2019'::date , 29.83778061755367 ),
	( 486::bigint , 36 , 43 , '24/06/2018'::date , 26.669777444533228 ),
	( 487::bigint , 54 , 90 , '23/08/2019'::date , 14.733440651310804 ),
	( 488::bigint , 21 , 20 , '15/06/2018'::date , 24.48568005343536 ),
	( 489::bigint , 19 , 6 , '14/09/2019'::date , 20.39987518197282 ),
	( 490::bigint , 74 , 75 , '06/01/2018'::date , 89.52791260922352 ),
	( 491::bigint , 99 , 89 , '03/01/2018'::date , 85.49245048175706 ),
	( 492::bigint , 13 , 86 , '05/12/2019'::date , 82.37859724170023 ),
	( 493::bigint , 84 , 64 , '30/11/2018'::date , 93.57665585561044 ),
	( 494::bigint , 16 , 44 , '30/03/2019'::date , 108.39393275434473 ),
	( 495::bigint , 8 , 87 , '28/08/2019'::date , 94.14281056244101 ),
	( 496::bigint , 68 , 86 , '01/01/2019'::date , 94.35144575000209 ),
	( 497::bigint , 46 , 97 , '30/09/2018'::date , 110.36363607298804 ),
	( 498::bigint , 55 , 79 , '04/09/2018'::date , 43.35297206892962 ),
	( 499::bigint , 13 , 92 , '27/04/2018'::date , 83.08486743976465 ),
	( 500::bigint , 86 , 5 , '20/05/2018'::date , 14.643219917057891 ),
	( 501::bigint , 67 , 57 , '20/12/2019'::date , 64.22699795598714 ),
	( 502::bigint , 82 , 76 , '11/02/2019'::date , 89.57115045385758 ),
	( 503::bigint , 30 , 67 , '29/06/2019'::date , 51.312886087361946 ),
	( 504::bigint , 8 , 4 , '30/01/2018'::date , 80.31558175694981 ),
	( 505::bigint , 75 , 64 , '08/11/2018'::date , 47.72830713642822 ),
	( 506::bigint , 52 , 93 , '10/01/2019'::date , 77.94575593806341 ),
	( 507::bigint , 84 , 27 , '18/11/2018'::date , 108.24270178254964 ),
	( 508::bigint , 93 , 60 , '24/05/2019'::date , 90.20605943481605 ),
	( 509::bigint , 96 , 93 , '03/07/2018'::date , 90.47141688120423 ),
	( 510::bigint , 67 , 82 , '07/12/2019'::date , 43.66835746120342 ),
	( 511::bigint , 27 , 75 , '06/09/2018'::date , 50.87458560987364 ),
	( 512::bigint , 73 , 11 , '19/07/2018'::date , 106.47963559896513 ),
	( 513::bigint , 26 , 16 , '29/07/2018'::date , 22.91142925350409 ),
	( 514::bigint , 1 , 13 , '02/06/2018'::date , 66.8549439371061 ),
	( 515::bigint , 8 , 51 , '17/05/2019'::date , 86.81514846181639 ),
	( 516::bigint , 9 , 43 , '13/04/2019'::date , 23.660057509513972 ),
	( 517::bigint , 81 , 8 , '19/09/2018'::date , 53.346585474406126 ),
	( 518::bigint , 48 , 95 , '24/03/2019'::date , 114.35492353945946 ),
	( 519::bigint , 31 , 28 , '05/02/2018'::date , 53.32453647352268 ),
	( 520::bigint , 2 , 84 , '08/08/2019'::date , 48.78520320220413 ),
	( 521::bigint , 63 , 77 , '30/05/2018'::date , 92.97364559239892 ),
	( 522::bigint , 60 , 63 , '22/09/2018'::date , 74.55954647767632 ),
	( 523::bigint , 43 , 18 , '15/09/2019'::date , 60.14404322395244 ),
	( 524::bigint , 62 , 57 , '06/03/2018'::date , 48.2394673070694 ),
	( 525::bigint , 31 , 15 , '11/04/2019'::date , 97.08379270401797 ),
	( 526::bigint , 39 , 69 , '25/09/2018'::date , 51.94627903458082 ),
	( 527::bigint , 53 , 4 , '23/08/2018'::date , 11.619689187434911 ),
	( 528::bigint , 29 , 86 , '20/12/2019'::date , 61.64815007482816 ),
	( 529::bigint , 50 , 12 , '21/08/2019'::date , 86.4405964359097 ),
	( 530::bigint , 47 , 55 , '01/11/2019'::date , 95.66423896545191 ),
	( 531::bigint , 96 , 99 , '03/08/2019'::date , 14.116391826995054 ),
	( 532::bigint , 49 , 90 , '05/07/2018'::date , 74.75184812397238 ),
	( 533::bigint , 63 , 62 , '15/11/2019'::date , 27.789991655473976 ),
	( 534::bigint , 99 , 32 , '14/02/2018'::date , 47.09623338829571 ),
	( 535::bigint , 31 , 18 , '24/05/2019'::date , 76.09923507201145 ),
	( 536::bigint , 40 , 62 , '17/04/2019'::date , 117.92281139785004 ),
	( 537::bigint , 80 , 23 , '16/12/2019'::date , 24.48558963579723 ),
	( 538::bigint , 47 , 86 , '11/02/2018'::date , 90.982619933066 ),
	( 539::bigint , 22 , 87 , '03/03/2019'::date , 94.02821054804367 ),
	( 540::bigint , 9 , 26 , '03/10/2019'::date , 83.75280422879968 ),
	( 541::bigint , 28 , 30 , '29/12/2018'::date , 62.86025646636541 ),
	( 542::bigint , 16 , 71 , '21/07/2019'::date , 86.06423372465417 ),
	( 543::bigint , 73 , 37 , '27/09/2019'::date , 95.1293697373984 ),
	( 544::bigint , 44 , 28 , '03/07/2018'::date , 99.66407974270426 ),
	( 545::bigint , 7 , 79 , '12/08/2019'::date , 90.03965042751271 ),
	( 546::bigint , 76 , 18 , '08/05/2018'::date , 75.99138491798638 ),
	( 547::bigint , 29 , 43 , '30/03/2019'::date , 73.42950428995943 ),
	( 548::bigint , 54 , 71 , '21/04/2018'::date , 42.72240425304286 ),
	( 549::bigint , 24 , 19 , '22/01/2018'::date , 47.39347864431121 ),
	( 550::bigint , 26 , 74 , '28/07/2018'::date , 59.051764987753806 ),
	( 551::bigint , 25 , 45 , '03/04/2019'::date , 71.93100703000128 ),
	( 552::bigint , 59 , 7 , '13/12/2018'::date , 40.534882192872146 ),
	( 553::bigint , 40 , 59 , '07/04/2019'::date , 18.197780972840388 ),
	( 554::bigint , 6 , 32 , '03/06/2019'::date , 63.10659877378633 ),
	( 555::bigint , 46 , 83 , '16/12/2018'::date , 69.23052035473826 ),
	( 556::bigint , 7 , 9 , '31/07/2018'::date , 22.27944547312442 ),
	( 557::bigint , 73 , 10 , '03/06/2018'::date , 32.620891961827894 ),
	( 558::bigint , 89 , 12 , '22/12/2018'::date , 47.52250908589713 ),
	( 559::bigint , 60 , 23 , '14/04/2018'::date , 34.55971656527806 ),
	( 560::bigint , 63 , 63 , '29/08/2019'::date , 102.37083174640004 ),
	( 561::bigint , 77 , 5 , '10/12/2018'::date , 61.26158823473561 ),
	( 562::bigint , 50 , 28 , '26/09/2019'::date , 66.39213535926498 ),
	( 563::bigint , 59 , 42 , '10/02/2018'::date , 109.05335163630329 ),
	( 564::bigint , 90 , 86 , '06/09/2019'::date , 41.01931479045674 ),
	( 565::bigint , 13 , 54 , '23/07/2019'::date , 55.62794642669793 ),
	( 566::bigint , 85 , 7 , '11/07/2019'::date , 33.501078355440896 ),
	( 567::bigint , 47 , 97 , '11/02/2019'::date , 82.88550369093373 ),
	( 568::bigint , 43 , 58 , '17/05/2019'::date , 12.682593396686407 ),
	( 569::bigint , 43 , 97 , '10/09/2019'::date , 29.85963165672325 ),
	( 570::bigint , 15 , 92 , '23/08/2018'::date , 66.3085152236429 ),
	( 571::bigint , 23 , 6 , '18/10/2019'::date , 101.10875983230115 ),
	( 572::bigint , 48 , 7 , '29/08/2018'::date , 34.993135483398206 ),
	( 573::bigint , 57 , 93 , '10/02/2019'::date , 68.58253488619985 ),
	( 574::bigint , 37 , 57 , '09/11/2019'::date , 34.57101077235619 ),
	( 575::bigint , 30 , 19 , '18/10/2018'::date , 56.27468978603461 ),
	( 576::bigint , 53 , 92 , '04/08/2019'::date , 40.562686635265564 ),
	( 577::bigint , 53 , 33 , '16/07/2019'::date , 90.38176571839719 ),
	( 578::bigint , 78 , 32 , '05/07/2019'::date , 73.52432726447643 ),
	( 579::bigint , 26 , 20 , '19/11/2019'::date , 108.70392499449461 ),
	( 580::bigint , 54 , 87 , '24/10/2018'::date , 20.369172566750823 ),
	( 581::bigint , 70 , 35 , '12/08/2019'::date , 114.09502227272698 ),
	( 582::bigint , 97 , 10 , '23/11/2019'::date , 81.60899324485621 ),
	( 583::bigint , 12 , 50 , '28/11/2018'::date , 13.558079402452563 ),
	( 584::bigint , 13 , 25 , '01/11/2018'::date , 41.99240775934797 ),
	( 585::bigint , 55 , 98 , '17/02/2018'::date , 111.62648380339509 ),
	( 586::bigint , 60 , 21 , '05/08/2019'::date , 13.638523335437977 ),
	( 587::bigint , 11 , 81 , '16/02/2019'::date , 71.93343462953283 ),
	( 588::bigint , 24 , 48 , '29/06/2019'::date , 84.29426432739905 ),
	( 589::bigint , 95 , 12 , '11/08/2018'::date , 33.06235503726258 ),
	( 590::bigint , 4 , 93 , '10/11/2018'::date , 26.871876232462167 ),
	( 591::bigint , 78 , 59 , '02/06/2019'::date , 83.40709646770718 ),
	( 592::bigint , 3 , 93 , '28/02/2019'::date , 60.326106772343195 ),
	( 593::bigint , 31 , 52 , '22/07/2019'::date , 51.47884783464264 ),
	( 594::bigint , 62 , 17 , '29/01/2018'::date , 94.60441794792261 ),
	( 595::bigint , 49 , 99 , '27/11/2019'::date , 15.83712484782421 ),
	( 596::bigint , 31 , 21 , '08/07/2018'::date , 58.587145669577154 ),
	( 597::bigint , 86 , 37 , '24/08/2019'::date , 52.089734916726506 ),
	( 598::bigint , 18 , 63 , '27/02/2018'::date , 53.32347557033157 ),
	( 599::bigint , 6 , 63 , '22/06/2019'::date , 40.82920747902057 ),
	( 600::bigint , 89 , 23 , '09/11/2019'::date , 27.115138534307995 ),
	( 601::bigint , 99 , 83 , '10/11/2019'::date , 10.718651543531642 ),
	( 602::bigint , 73 , 16 , '13/07/2018'::date , 118.89624390056775 ),
	( 603::bigint , 73 , 34 , '27/10/2019'::date , 50.98905714714789 ),
	( 604::bigint , 96 , 17 , '10/04/2019'::date , 75.80855572731785 ),
	( 605::bigint , 90 , 33 , '24/06/2018'::date , 82.19312593489556 ),
	( 606::bigint , 87 , 94 , '16/09/2018'::date , 60.19008581223897 ),
	( 607::bigint , 10 , 37 , '22/10/2019'::date , 31.025171786255164 ),
	( 608::bigint , 40 , 47 , '01/08/2019'::date , 51.169969077217594 ),
	( 609::bigint , 35 , 1 , '14/07/2019'::date , 24.543206497884366 ),
	( 610::bigint , 81 , 85 , '03/04/2019'::date , 28.847879826297305 ),
	( 611::bigint , 69 , 41 , '18/06/2018'::date , 32.475173416404544 ),
	( 612::bigint , 30 , 26 , '01/07/2018'::date , 11.232684905036082 ),
	( 613::bigint , 26 , 69 , '03/03/2019'::date , 111.53345167382903 ),
	( 614::bigint , 65 , 4 , '25/03/2019'::date , 14.19526245698183 ),
	( 615::bigint , 19 , 0 , '23/08/2019'::date , 46.84675397205941 ),
	( 616::bigint , 17 , 66 , '12/02/2019'::date , 90.32775983906888 ),
	( 617::bigint , 19 , 41 , '01/10/2019'::date , 72.35272400488209 ),
	( 618::bigint , 96 , 27 , '02/08/2018'::date , 96.97622526627238 ),
	( 619::bigint , 23 , 17 , '03/05/2019'::date , 65.33001157611939 ),
	( 620::bigint , 2 , 78 , '01/09/2018'::date , 86.5654086892045 ),
	( 621::bigint , 79 , 53 , '27/12/2019'::date , 28.656927996543796 ),
	( 622::bigint , 98 , 64 , '24/08/2019'::date , 73.9895557468824 ),
	( 623::bigint , 9 , 35 , '31/01/2018'::date , 28.690867654678925 ),
	( 624::bigint , 44 , 88 , '03/05/2018'::date , 55.71263388460293 ),
	( 625::bigint , 35 , 55 , '10/07/2019'::date , 73.78987737365364 ),
	( 626::bigint , 77 , 18 , '01/11/2019'::date , 47.57306340167998 ),
	( 627::bigint , 67 , 7 , '12/08/2019'::date , 46.48310424468225 ),
	( 628::bigint , 81 , 97 , '01/09/2019'::date , 13.247595918176598 ),
	( 629::bigint , 67 , 99 , '09/11/2019'::date , 43.31086540264914 ),
	( 630::bigint , 42 , 82 , '15/12/2019'::date , 53.552133764930566 ),
	( 631::bigint , 60 , 82 , '01/08/2019'::date , 61.42112127326284 ),
	( 632::bigint , 81 , 71 , '15/07/2018'::date , 12.750036482712163 ),
	( 633::bigint , 82 , 13 , '25/05/2018'::date , 51.129189090045564 ),
	( 634::bigint , 18 , 73 , '08/09/2018'::date , 71.69316016711883 ),
	( 635::bigint , 1 , 53 , '14/03/2018'::date , 30.866044960492175 ),
	( 636::bigint , 78 , 44 , '01/07/2019'::date , 94.57858069633069 ),
	( 637::bigint , 97 , 61 , '26/02/2018'::date , 116.92809687575233 ),
	( 638::bigint , 96 , 44 , '05/09/2019'::date , 86.77379137863467 ),
	( 639::bigint , 91 , 38 , '16/08/2018'::date , 83.2392275571463 ),
	( 640::bigint , 93 , 12 , '27/10/2019'::date , 70.48407503615631 ),
	( 641::bigint , 58 , 39 , '10/04/2018'::date , 81.41000138084857 ),
	( 642::bigint , 80 , 35 , '12/07/2019'::date , 67.54695774749709 ),
	( 643::bigint , 4 , 35 , '09/02/2018'::date , 67.54577838793527 ),
	( 644::bigint , 50 , 92 , '01/09/2019'::date , 99.74909800465075 ),
	( 645::bigint , 46 , 35 , '24/08/2019'::date , 70.3602608926194 ),
	( 646::bigint , 8 , 5 , '18/08/2018'::date , 22.608594523695967 ),
	( 647::bigint , 36 , 67 , '16/01/2019'::date , 15.38046896232265 ),
	( 648::bigint , 34 , 59 , '03/07/2018'::date , 58.36756973888736 ),
	( 649::bigint , 80 , 42 , '30/12/2018'::date , 29.704419273481857 ),
	( 650::bigint , 20 , 16 , '17/09/2019'::date , 94.93890945408947 ),
	( 651::bigint , 73 , 68 , '28/11/2018'::date , 72.12938983405148 ),
	( 652::bigint , 33 , 52 , '21/02/2019'::date , 16.80069426568577 ),
	( 653::bigint , 34 , 98 , '26/04/2019'::date , 88.51753723212728 ),
	( 654::bigint , 71 , 97 , '19/08/2019'::date , 39.41316220983995 ),
	( 655::bigint , 29 , 37 , '21/06/2019'::date , 50.48554041649615 ),
	( 656::bigint , 52 , 10 , '09/07/2018'::date , 36.252475818355975 ),
	( 657::bigint , 77 , 81 , '26/09/2019'::date , 43.60613742250143 ),
	( 658::bigint , 86 , 48 , '14/01/2019'::date , 45.37434787685186 ),
	( 659::bigint , 10 , 61 , '31/08/2019'::date , 71.66545938370287 ),
	( 660::bigint , 86 , 33 , '05/02/2018'::date , 83.56440569124783 ),
	( 661::bigint , 41 , 28 , '01/06/2018'::date , 108.87826210347625 ),
	( 662::bigint , 63 , 92 , '02/02/2019'::date , 84.0476724106008 ),
	( 663::bigint , 0 , 10 , '07/01/2018'::date , 116.04824762677502 ),
	( 664::bigint , 1 , 4 , '18/04/2019'::date , 47.67406624685721 ),
	( 665::bigint , 8 , 81 , '02/08/2018'::date , 10.985963234421607 ),
	( 666::bigint , 74 , 14 , '21/12/2018'::date , 56.753076759706616 ),
	( 667::bigint , 25 , 80 , '22/12/2019'::date , 67.92625197302269 ),
	( 668::bigint , 53 , 31 , '04/06/2018'::date , 58.9656855567839 ),
	( 669::bigint , 57 , 54 , '27/10/2019'::date , 106.10626990013073 ),
	( 670::bigint , 13 , 84 , '07/11/2019'::date , 85.31445711232169 ),
	( 671::bigint , 57 , 26 , '24/08/2018'::date , 112.35760809235418 ),
	( 672::bigint , 72 , 94 , '18/08/2018'::date , 66.12990448938407 ),
	( 673::bigint , 50 , 63 , '22/11/2018'::date , 61.955491236529674 ),
	( 674::bigint , 91 , 98 , '20/11/2018'::date , 67.37324469932767 ),
	( 675::bigint , 29 , 15 , '03/07/2018'::date , 69.69605457878674 ),
	( 676::bigint , 54 , 93 , '31/05/2019'::date , 118.12301208079603 ),
	( 677::bigint , 72 , 34 , '27/12/2019'::date , 39.51274557982313 ),
	( 678::bigint , 12 , 8 , '01/01/2019'::date , 81.05816363420314 ),
	( 679::bigint , 35 , 45 , '09/11/2018'::date , 99.50793157780839 ),
	( 680::bigint , 72 , 80 , '28/04/2018'::date , 27.757248337604445 ),
	( 681::bigint , 57 , 92 , '23/06/2019'::date , 15.458644741376915 ),
	( 682::bigint , 4 , 5 , '22/04/2018'::date , 14.174848008527547 ),
	( 683::bigint , 23 , 6 , '20/04/2019'::date , 58.52039312617745 ),
	( 684::bigint , 68 , 25 , '22/09/2019'::date , 46.257505685023226 ),
	( 685::bigint , 57 , 22 , '31/10/2019'::date , 116.96755103998613 ),
	( 686::bigint , 75 , 22 , '13/05/2019'::date , 58.612060811302555 ),
	( 687::bigint , 71 , 50 , '09/10/2019'::date , 108.20655697326679 ),
	( 688::bigint , 14 , 59 , '25/03/2019'::date , 63.31742037708637 ),
	( 689::bigint , 78 , 33 , '01/05/2018'::date , 56.5591780987272 ),
	( 690::bigint , 57 , 19 , '30/11/2019'::date , 58.62322218081149 ),
	( 691::bigint , 49 , 4 , '29/05/2018'::date , 41.26017482641676 ),
	( 692::bigint , 56 , 63 , '17/05/2019'::date , 60.267263002938066 ),
	( 693::bigint , 31 , 7 , '04/10/2018'::date , 32.84351372360243 ),
	( 694::bigint , 97 , 27 , '29/08/2018'::date , 93.69014562893672 ),
	( 695::bigint , 3 , 24 , '29/05/2018'::date , 61.94205530573761 ),
	( 696::bigint , 32 , 10 , '24/01/2018'::date , 90.8246010979936 ),
	( 697::bigint , 34 , 83 , '14/09/2019'::date , 35.996647920696084 ),
	( 698::bigint , 90 , 86 , '23/06/2018'::date , 38.353892906398194 ),
	( 699::bigint , 21 , 93 , '07/01/2019'::date , 39.831194224496045 ),
	( 700::bigint , 60 , 36 , '18/04/2019'::date , 77.35563507695689 ),
	( 701::bigint , 70 , 38 , '20/05/2018'::date , 108.18186174483401 ),
	( 702::bigint , 41 , 22 , '06/10/2018'::date , 119.05632627887172 ),
	( 703::bigint , 71 , 14 , '26/10/2018'::date , 14.911905702561192 ),
	( 704::bigint , 98 , 31 , '30/07/2019'::date , 26.386775915231198 ),
	( 705::bigint , 42 , 6 , '03/08/2018'::date , 69.67727371113389 ),
	( 706::bigint , 99 , 20 , '23/06/2019'::date , 92.21007185460753 ),
	( 707::bigint , 80 , 27 , '05/10/2018'::date , 80.12250950880649 ),
	( 708::bigint , 84 , 27 , '05/12/2019'::date , 94.75998441656085 ),
	( 709::bigint , 98 , 67 , '03/09/2019'::date , 54.464711037047316 ),
	( 710::bigint , 39 , 97 , '08/07/2018'::date , 30.602344494395272 ),
	( 711::bigint , 81 , 81 , '15/12/2019'::date , 52.77627684623583 ),
	( 712::bigint , 34 , 0 , '16/03/2018'::date , 74.06565228916412 ),
	( 713::bigint , 49 , 90 , '08/09/2018'::date , 52.4853766857945 ),
	( 714::bigint , 25 , 8 , '04/01/2018'::date , 20.348417111780044 ),
	( 715::bigint , 16 , 95 , '02/07/2018'::date , 37.21893377753776 ),
	( 716::bigint , 94 , 65 , '29/03/2018'::date , 59.07838628698753 ),
	( 717::bigint , 25 , 73 , '19/07/2019'::date , 73.85973789578239 ),
	( 718::bigint , 51 , 8 , '01/10/2018'::date , 19.222593284897417 ),
	( 719::bigint , 61 , 30 , '16/03/2018'::date , 84.12628364731431 ),
	( 720::bigint , 3 , 0 , '26/05/2019'::date , 111.30113156970575 ),
	( 721::bigint , 9 , 38 , '27/04/2019'::date , 48.12372887121879 ),
	( 722::bigint , 58 , 99 , '28/04/2018'::date , 13.404280339729173 ),
	( 723::bigint , 21 , 35 , '22/03/2019'::date , 50.504947769359795 ),
	( 724::bigint , 73 , 72 , '03/10/2018'::date , 20.962381721804945 ),
	( 725::bigint , 93 , 6 , '22/07/2019'::date , 112.3888325943986 ),
	( 726::bigint , 88 , 5 , '21/11/2019'::date , 50.76843558561471 ),
	( 727::bigint , 85 , 80 , '22/05/2019'::date , 87.02558144796392 ),
	( 728::bigint , 18 , 60 , '05/04/2019'::date , 37.397670655057084 ),
	( 729::bigint , 33 , 20 , '11/12/2019'::date , 70.4872410974785 ),
	( 730::bigint , 87 , 17 , '09/12/2019'::date , 34.61922620716246 ),
	( 731::bigint , 18 , 13 , '14/08/2019'::date , 86.06990874719355 ),
	( 732::bigint , 83 , 64 , '10/12/2018'::date , 83.97403980594225 ),
	( 733::bigint , 30 , 13 , '15/03/2019'::date , 33.906245505161664 ),
	( 734::bigint , 13 , 97 , '21/03/2018'::date , 16.750806283903536 ),
	( 735::bigint , 94 , 79 , '26/08/2018'::date , 11.170150619567174 ),
	( 736::bigint , 8 , 71 , '18/03/2019'::date , 44.25270706840231 ),
	( 737::bigint , 90 , 76 , '11/06/2018'::date , 19.600395747115265 ),
	( 738::bigint , 52 , 60 , '08/06/2018'::date , 82.79901255890883 ),
	( 739::bigint , 10 , 12 , '02/07/2018'::date , 41.56799007564973 ),
	( 740::bigint , 59 , 51 , '04/03/2018'::date , 46.14073063239926 ),
	( 741::bigint , 81 , 24 , '17/08/2018'::date , 101.81991290184585 ),
	( 742::bigint , 84 , 43 , '17/12/2018'::date , 114.09975074367712 ),
	( 743::bigint , 58 , 9 , '29/09/2018'::date , 37.51188545547758 ),
	( 744::bigint , 83 , 27 , '10/07/2018'::date , 107.83084940042488 ),
	( 745::bigint , 95 , 20 , '28/04/2019'::date , 23.286725487422867 ),
	( 746::bigint , 93 , 17 , '16/02/2019'::date , 89.43184043712806 ),
	( 747::bigint , 93 , 56 , '25/11/2018'::date , 116.25878134225158 ),
	( 748::bigint , 94 , 25 , '27/10/2018'::date , 36.65816400727016 ),
	( 749::bigint , 98 , 42 , '15/04/2019'::date , 33.946337696400825 ),
	( 750::bigint , 86 , 34 , '24/03/2018'::date , 81.81337780265964 ),
	( 751::bigint , 19 , 71 , '11/12/2019'::date , 32.586211396487805 ),
	( 752::bigint , 47 , 89 , '15/02/2018'::date , 89.66615257748252 ),
	( 753::bigint , 81 , 7 , '04/04/2018'::date , 75.43514522334333 ),
	( 754::bigint , 99 , 17 , '26/12/2018'::date , 119.1595951691107 ),
	( 755::bigint , 19 , 68 , '14/11/2018'::date , 57.55937935658423 ),
	( 756::bigint , 79 , 63 , '12/02/2019'::date , 101.6239001841472 ),
	( 757::bigint , 0 , 92 , '16/04/2018'::date , 68.21691356440017 ),
	( 758::bigint , 52 , 51 , '01/09/2018'::date , 49.73909784051052 ),
	( 759::bigint , 82 , 59 , '10/01/2019'::date , 15.222238029854642 ),
	( 760::bigint , 27 , 61 , '14/12/2019'::date , 47.89954307712048 ),
	( 761::bigint , 34 , 51 , '27/04/2019'::date , 114.6457074037424 ),
	( 762::bigint , 63 , 31 , '02/03/2019'::date , 21.96907755256757 ),
	( 763::bigint , 32 , 8 , '13/08/2019'::date , 118.78110168253504 ),
	( 764::bigint , 0 , 10 , '22/08/2018'::date , 94.338018355346 ),
	( 765::bigint , 36 , 62 , '05/04/2019'::date , 115.30528612533456 ),
	( 766::bigint , 44 , 94 , '11/11/2019'::date , 67.3447718285403 ),
	( 767::bigint , 90 , 69 , '25/02/2019'::date , 58.72200280825617 ),
	( 768::bigint , 16 , 72 , '29/06/2018'::date , 17.087682109171357 ),
	( 769::bigint , 12 , 95 , '18/02/2018'::date , 84.06740583341217 ),
	( 770::bigint , 25 , 46 , '22/03/2019'::date , 101.64243396672848 ),
	( 771::bigint , 83 , 62 , '19/11/2019'::date , 40.00291495135443 ),
	( 772::bigint , 14 , 77 , '11/02/2019'::date , 30.238876316021738 ),
	( 773::bigint , 59 , 58 , '28/05/2018'::date , 48.868737781267264 ),
	( 774::bigint , 95 , 50 , '05/10/2018'::date , 103.9415128660506 ),
	( 775::bigint , 76 , 28 , '27/10/2018'::date , 84.21262058835059 ),
	( 776::bigint , 22 , 91 , '16/07/2018'::date , 22.42470604657403 ),
	( 777::bigint , 72 , 77 , '19/08/2018'::date , 107.29266059197667 ),
	( 778::bigint , 18 , 10 , '17/06/2018'::date , 90.34806328193476 ),
	( 779::bigint , 23 , 82 , '20/12/2018'::date , 38.74844639519904 ),
	( 780::bigint , 54 , 20 , '06/09/2018'::date , 88.49045808890644 ),
	( 781::bigint , 38 , 3 , '10/03/2019'::date , 57.7295276426175 ),
	( 782::bigint , 43 , 0 , '12/10/2018'::date , 55.31583443359114 ),
	( 783::bigint , 81 , 7 , '05/11/2018'::date , 11.274904081278512 ),
	( 784::bigint , 81 , 23 , '28/04/2019'::date , 112.68788023411366 ),
	( 785::bigint , 6 , 22 , '26/05/2018'::date , 52.24954240706029 ),
	( 786::bigint , 85 , 83 , '19/01/2019'::date , 106.38532644904961 ),
	( 787::bigint , 96 , 10 , '28/02/2019'::date , 37.294297247460825 ),
	( 788::bigint , 76 , 72 , '10/01/2019'::date , 19.272053353129007 ),
	( 789::bigint , 85 , 36 , '26/04/2019'::date , 32.22687741551222 ),
	( 790::bigint , 17 , 12 , '26/07/2018'::date , 47.42148157764328 ),
	( 791::bigint , 66 , 3 , '14/06/2019'::date , 90.3512030210451 ),
	( 792::bigint , 4 , 57 , '26/10/2019'::date , 39.1637278109127 ),
	( 793::bigint , 6 , 44 , '26/04/2019'::date , 27.068121374546088 ),
	( 794::bigint , 21 , 44 , '27/03/2018'::date , 48.91191678559809 ),
	( 795::bigint , 43 , 63 , '07/06/2018'::date , 88.03246620708624 ),
	( 796::bigint , 22 , 34 , '02/10/2019'::date , 58.268998026478535 ),
	( 797::bigint , 84 , 44 , '02/09/2019'::date , 117.3543884210154 ),
	( 798::bigint , 70 , 90 , '09/10/2019'::date , 37.97842895315648 ),
	( 799::bigint , 4 , 15 , '01/12/2019'::date , 84.541490796617 ),
	( 800::bigint , 46 , 15 , '17/02/2018'::date , 103.58885719707015 ),
	( 801::bigint , 40 , 17 , '05/12/2019'::date , 50.84493346610982 ),
	( 802::bigint , 2 , 93 , '01/04/2018'::date , 94.8557833571682 ),
	( 803::bigint , 62 , 61 , '07/03/2019'::date , 60.383142459966926 ),
	( 804::bigint , 37 , 22 , '03/04/2018'::date , 118.73574482941898 ),
	( 805::bigint , 6 , 97 , '10/07/2019'::date , 18.128441331350096 ),
	( 806::bigint , 74 , 15 , '01/03/2019'::date , 27.90676519665128 ),
	( 807::bigint , 23 , 81 , '19/10/2019'::date , 76.82531545258568 ),
	( 808::bigint , 38 , 19 , '24/08/2019'::date , 103.74821212500792 ),
	( 809::bigint , 49 , 62 , '16/06/2019'::date , 83.56004418820851 ),
	( 810::bigint , 22 , 55 , '14/10/2018'::date , 46.107157357532955 ),
	( 811::bigint , 98 , 14 , '20/08/2019'::date , 14.014213240575888 ),
	( 812::bigint , 75 , 82 , '06/12/2018'::date , 109.96078589921046 ),
	( 813::bigint , 88 , 2 , '04/07/2019'::date , 96.57175972381502 ),
	( 814::bigint , 60 , 19 , '11/12/2019'::date , 13.78715379809579 ),
	( 815::bigint , 22 , 44 , '31/12/2018'::date , 101.70761900460319 ),
	( 816::bigint , 32 , 13 , '14/08/2018'::date , 11.70311537131891 ),
	( 817::bigint , 43 , 20 , '24/07/2018'::date , 78.4363117926482 ),
	( 818::bigint , 27 , 10 , '06/07/2018'::date , 100.13760218045624 ),
	( 819::bigint , 29 , 34 , '08/05/2018'::date , 70.6901605797333 ),
	( 820::bigint , 65 , 77 , '14/08/2019'::date , 59.44183592937834 ),
	( 821::bigint , 82 , 42 , '17/05/2019'::date , 75.0690545049373 ),
	( 822::bigint , 41 , 82 , '10/11/2019'::date , 44.02072487127102 ),
	( 823::bigint , 8 , 50 , '18/06/2019'::date , 35.19001376894966 ),
	( 824::bigint , 73 , 37 , '10/03/2018'::date , 67.16223621592079 ),
	( 825::bigint , 11 , 52 , '28/11/2018'::date , 78.82618152730917 ),
	( 826::bigint , 75 , 42 , '03/04/2018'::date , 16.15466841596204 ),
	( 827::bigint , 50 , 15 , '11/08/2019'::date , 116.07962079353622 ),
	( 828::bigint , 89 , 20 , '07/09/2018'::date , 115.79191952905137 ),
	( 829::bigint , 69 , 23 , '23/03/2018'::date , 53.090396686154804 ),
	( 830::bigint , 32 , 80 , '25/10/2018'::date , 56.19298540565056 ),
	( 831::bigint , 6 , 7 , '31/01/2019'::date , 54.52770570844465 ),
	( 832::bigint , 78 , 17 , '21/07/2019'::date , 118.86189666729048 ),
	( 833::bigint , 1 , 11 , '09/05/2019'::date , 74.06390062976534 ),
	( 834::bigint , 11 , 84 , '03/07/2019'::date , 18.233721302548602 ),
	( 835::bigint , 26 , 72 , '02/12/2018'::date , 65.5398046365423 ),
	( 836::bigint , 59 , 42 , '21/09/2019'::date , 23.51279014904752 ),
	( 837::bigint , 15 , 21 , '25/03/2019'::date , 83.21561852218619 ),
	( 838::bigint , 26 , 67 , '18/03/2018'::date , 98.30516774192871 ),
	( 839::bigint , 73 , 90 , '06/11/2019'::date , 38.97444197522956 ),
	( 840::bigint , 12 , 0 , '17/12/2019'::date , 27.684017143549948 ),
	( 841::bigint , 77 , 85 , '03/09/2019'::date , 16.906277030216366 ),
	( 842::bigint , 70 , 43 , '10/11/2018'::date , 40.8036430102393 ),
	( 843::bigint , 45 , 75 , '05/11/2018'::date , 52.52016188768029 ),
	( 844::bigint , 65 , 51 , '21/08/2019'::date , 17.424952072721595 ),
	( 845::bigint , 56 , 76 , '11/06/2019'::date , 31.583415116949073 ),
	( 846::bigint , 22 , 68 , '07/05/2019'::date , 48.33830588541698 ),
	( 847::bigint , 69 , 36 , '10/09/2019'::date , 56.19346055571749 ),
	( 848::bigint , 7 , 26 , '06/02/2019'::date , 70.39788312631632 ),
	( 849::bigint , 47 , 5 , '28/11/2019'::date , 83.42688707042521 ),
	( 850::bigint , 0 , 26 , '08/02/2019'::date , 29.681120247176985 ),
	( 851::bigint , 2 , 76 , '14/09/2019'::date , 41.76573859381785 ),
	( 852::bigint , 48 , 48 , '01/07/2019'::date , 113.20937966430226 ),
	( 853::bigint , 64 , 76 , '06/12/2018'::date , 17.324202659598473 ),
	( 854::bigint , 52 , 85 , '01/04/2018'::date , 53.255104755706256 ),
	( 855::bigint , 94 , 39 , '21/03/2018'::date , 119.1978911446098 ),
	( 856::bigint , 89 , 37 , '26/02/2018'::date , 51.34797556039969 ),
	( 857::bigint , 2 , 28 , '24/01/2019'::date , 58.38504969990467 ),
	( 858::bigint , 9 , 53 , '17/05/2019'::date , 56.846699067416026 ),
	( 859::bigint , 31 , 45 , '01/05/2018'::date , 44.657408536277636 ),
	( 860::bigint , 23 , 3 , '29/12/2018'::date , 65.1834115870619 ),
	( 861::bigint , 57 , 34 , '18/01/2019'::date , 65.0110726629899 ),
	( 862::bigint , 65 , 23 , '21/11/2018'::date , 46.533536963986094 ),
	( 863::bigint , 44 , 81 , '12/05/2019'::date , 62.49231593961243 ),
	( 864::bigint , 25 , 35 , '12/04/2018'::date , 24.982139865627545 ),
	( 865::bigint , 93 , 89 , '28/11/2018'::date , 65.59801287197905 ),
	( 866::bigint , 53 , 42 , '02/07/2018'::date , 42.70967748882541 ),
	( 867::bigint , 45 , 63 , '29/10/2018'::date , 113.72394260078521 ),
	( 868::bigint , 63 , 2 , '08/06/2019'::date , 90.93301284706665 ),
	( 869::bigint , 43 , 86 , '24/06/2019'::date , 71.28581066303309 ),
	( 870::bigint , 81 , 38 , '26/02/2019'::date , 116.78520455934523 ),
	( 871::bigint , 41 , 50 , '15/06/2018'::date , 38.442886275258786 ),
	( 872::bigint , 40 , 85 , '17/11/2018'::date , 78.70741960169619 ),
	( 873::bigint , 53 , 30 , '06/02/2019'::date , 17.35507934333834 ),
	( 874::bigint , 77 , 76 , '17/06/2018'::date , 71.24948474873618 ),
	( 875::bigint , 35 , 25 , '09/09/2019'::date , 64.30514178328811 ),
	( 876::bigint , 81 , 10 , '04/12/2019'::date , 87.0451145890469 ),
	( 877::bigint , 61 , 87 , '16/12/2019'::date , 13.538968506527347 ),
	( 878::bigint , 89 , 11 , '21/12/2019'::date , 73.47138121758454 ),
	( 879::bigint , 10 , 51 , '28/03/2019'::date , 70.82973072925745 ),
	( 880::bigint , 30 , 48 , '05/06/2018'::date , 109.65760432894638 ),
	( 881::bigint , 72 , 92 , '26/08/2018'::date , 75.64229191582926 ),
	( 882::bigint , 29 , 31 , '29/05/2019'::date , 16.20722268034605 ),
	( 883::bigint , 32 , 55 , '03/08/2019'::date , 28.09159957804094 ),
	( 884::bigint , 32 , 26 , '04/02/2019'::date , 110.13816604882827 ),
	( 885::bigint , 1 , 64 , '01/06/2018'::date , 32.1528864644309 ),
	( 886::bigint , 81 , 45 , '04/03/2019'::date , 13.842109537433132 ),
	( 887::bigint , 37 , 17 , '05/07/2018'::date , 97.74490409329509 ),
	( 888::bigint , 47 , 90 , '26/01/2019'::date , 13.599370117445169 ),
	( 889::bigint , 25 , 97 , '23/02/2019'::date , 107.72049579549271 ),
	( 890::bigint , 88 , 16 , '19/03/2018'::date , 80.27405872699579 ),
	( 891::bigint , 4 , 70 , '28/11/2019'::date , 93.47240885890925 ),
	( 892::bigint , 9 , 50 , '05/01/2018'::date , 50.59062173870403 ),
	( 893::bigint , 94 , 43 , '06/04/2019'::date , 112.67514074176472 ),
	( 894::bigint , 25 , 13 , '01/11/2018'::date , 79.78904637602761 ),
	( 895::bigint , 42 , 93 , '18/06/2019'::date , 88.83723735317224 ),
	( 896::bigint , 63 , 10 , '17/07/2019'::date , 41.4940600134089 ),
	( 897::bigint , 66 , 22 , '31/08/2018'::date , 32.9426919689032 ),
	( 898::bigint , 25 , 26 , '06/08/2019'::date , 119.42275230213006 ),
	( 899::bigint , 58 , 57 , '28/09/2018'::date , 73.59162274021949 ),
	( 900::bigint , 99 , 8 , '20/10/2019'::date , 15.336276252296143 ),
	( 901::bigint , 54 , 3 , '25/11/2019'::date , 54.2756575575647 ),
	( 902::bigint , 5 , 49 , '20/03/2018'::date , 19.208126625019 ),
	( 903::bigint , 18 , 54 , '11/04/2018'::date , 69.83556988542489 ),
	( 904::bigint , 13 , 5 , '09/02/2018'::date , 91.63883207266493 ),
	( 905::bigint , 50 , 19 , '28/05/2018'::date , 108.07231789041201 ),
	( 906::bigint , 50 , 96 , '08/05/2018'::date , 108.32075344253495 ),
	( 907::bigint , 8 , 98 , '24/12/2019'::date , 112.1155113730262 ),
	( 908::bigint , 9 , 99 , '03/08/2019'::date , 102.2574656326839 ),
	( 909::bigint , 12 , 89 , '21/07/2019'::date , 59.794990760485135 ),
	( 910::bigint , 18 , 15 , '22/09/2019'::date , 94.97682419264882 ),
	( 911::bigint , 94 , 11 , '10/07/2019'::date , 117.07566619239977 ),
	( 912::bigint , 28 , 2 , '05/10/2019'::date , 17.15235467055732 ),
	( 913::bigint , 55 , 31 , '11/03/2019'::date , 14.676513654679654 ),
	( 914::bigint , 89 , 8 , '29/03/2019'::date , 24.57529359452449 ),
	( 915::bigint , 19 , 10 , '05/12/2018'::date , 58.51455127479625 ),
	( 916::bigint , 19 , 87 , '25/11/2019'::date , 59.45056385879173 ),
	( 917::bigint , 33 , 4 , '27/01/2019'::date , 98.07105742499873 ),
	( 918::bigint , 79 , 98 , '30/11/2019'::date , 10.936899275770847 ),
	( 919::bigint , 71 , 19 , '30/06/2018'::date , 115.166265215526 ),
	( 920::bigint , 36 , 62 , '27/12/2018'::date , 69.85460926587253 ),
	( 921::bigint , 4 , 69 , '28/06/2019'::date , 47.06163759596631 ),
	( 922::bigint , 91 , 79 , '26/06/2018'::date , 55.283964968411546 ),
	( 923::bigint , 63 , 84 , '29/09/2018'::date , 35.885171696980336 ),
	( 924::bigint , 7 , 85 , '16/08/2019'::date , 76.20284277417144 ),
	( 925::bigint , 8 , 91 , '29/10/2019'::date , 44.45443215905084 ),
	( 926::bigint , 91 , 33 , '12/01/2018'::date , 28.815339462541626 ),
	( 927::bigint , 70 , 83 , '13/11/2018'::date , 20.086557823523385 ),
	( 928::bigint , 17 , 16 , '19/01/2019'::date , 24.12027130190168 ),
	( 929::bigint , 97 , 80 , '04/02/2019'::date , 73.04276667229209 ),
	( 930::bigint , 6 , 0 , '18/03/2019'::date , 111.02503053020708 ),
	( 931::bigint , 98 , 29 , '19/11/2019'::date , 32.085254245709805 ),
	( 932::bigint , 77 , 72 , '08/12/2019'::date , 33.829503180715676 ),
	( 933::bigint , 34 , 2 , '24/12/2019'::date , 89.79009397963715 ),
	( 934::bigint , 4 , 82 , '04/01/2018'::date , 95.55087547454823 ),
	( 935::bigint , 74 , 52 , '24/08/2019'::date , 118.2703164185365 ),
	( 936::bigint , 43 , 74 , '30/07/2018'::date , 16.092018272975437 ),
	( 937::bigint , 56 , 89 , '23/03/2018'::date , 109.96392535064638 ),
	( 938::bigint , 42 , 35 , '29/01/2018'::date , 105.45518849055841 ),
	( 939::bigint , 52 , 4 , '17/09/2019'::date , 65.31634095411398 ),
	( 940::bigint , 67 , 68 , '11/07/2019'::date , 105.17088717265794 ),
	( 941::bigint , 90 , 7 , '13/04/2018'::date , 10.517701664155705 ),
	( 942::bigint , 34 , 36 , '13/08/2019'::date , 91.45292463322745 ),
	( 943::bigint , 1 , 17 , '16/02/2019'::date , 93.4480454683853 ),
	( 944::bigint , 59 , 3 , '23/03/2018'::date , 58.10733671246041 ),
	( 945::bigint , 50 , 6 , '04/09/2018'::date , 81.44685302160096 ),
	( 946::bigint , 41 , 0 , '28/08/2019'::date , 30.00216890444874 ),
	( 947::bigint , 40 , 54 , '20/03/2018'::date , 112.72341307297083 ),
	( 948::bigint , 8 , 16 , '19/04/2018'::date , 41.14692727789546 ),
	( 949::bigint , 7 , 70 , '08/02/2019'::date , 77.15163504396044 ),
	( 950::bigint , 3 , 91 , '13/11/2018'::date , 32.846971045672106 ),
	( 951::bigint , 59 , 48 , '09/04/2018'::date , 81.3588890433611 ),
	( 952::bigint , 78 , 27 , '21/01/2019'::date , 14.54016198090372 ),
	( 953::bigint , 13 , 10 , '20/05/2019'::date , 12.196797343543862 ),
	( 954::bigint , 57 , 39 , '23/03/2018'::date , 81.39610441471086 ),
	( 955::bigint , 81 , 15 , '12/01/2019'::date , 62.156366317176676 ),
	( 956::bigint , 36 , 66 , '25/10/2018'::date , 54.25951231560566 ),
	( 957::bigint , 0 , 62 , '22/10/2018'::date , 26.797663542245665 ),
	( 958::bigint , 24 , 51 , '09/04/2019'::date , 82.55778524821208 ),
	( 959::bigint , 24 , 86 , '02/12/2019'::date , 77.4137118130545 ),
	( 960::bigint , 26 , 66 , '06/06/2018'::date , 40.06535844714569 ),
	( 961::bigint , 46 , 57 , '24/10/2019'::date , 16.385358770001922 ),
	( 962::bigint , 84 , 89 , '19/11/2019'::date , 113.96974400933937 ),
	( 963::bigint , 19 , 25 , '07/08/2018'::date , 56.37000394289582 ),
	( 964::bigint , 36 , 50 , '18/03/2019'::date , 110.40099357299081 ),
	( 965::bigint , 95 , 12 , '17/08/2019'::date , 107.5212302048869 ),
	( 966::bigint , 27 , 29 , '29/01/2018'::date , 17.0497238166404 ),
	( 967::bigint , 67 , 82 , '21/10/2019'::date , 99.86463148813753 ),
	( 968::bigint , 74 , 91 , '16/10/2018'::date , 103.46344449625762 ),
	( 969::bigint , 53 , 79 , '22/08/2018'::date , 48.69905820907823 ),
	( 970::bigint , 38 , 67 , '12/04/2018'::date , 63.630781566798895 ),
	( 971::bigint , 0 , 66 , '24/10/2019'::date , 26.570989268148352 ),
	( 972::bigint , 94 , 71 , '08/01/2018'::date , 81.54126437040158 ),
	( 973::bigint , 35 , 14 , '31/03/2019'::date , 45.93724283250389 ),
	( 974::bigint , 41 , 31 , '07/10/2018'::date , 53.166685160136865 ),
	( 975::bigint , 79 , 74 , '24/01/2018'::date , 55.692285930190536 ),
	( 976::bigint , 55 , 62 , '06/06/2019'::date , 24.57630206737992 ),
	( 977::bigint , 2 , 40 , '08/06/2018'::date , 105.58552000784613 ),
	( 978::bigint , 89 , 56 , '17/08/2019'::date , 116.14378152809037 ),
	( 979::bigint , 80 , 96 , '27/12/2018'::date , 26.343215805174342 ),
	( 980::bigint , 79 , 12 , '18/03/2018'::date , 90.78473943502924 ),
	( 981::bigint , 73 , 47 , '22/04/2019'::date , 80.27503715822941 ),
	( 982::bigint , 8 , 82 , '11/03/2018'::date , 103.09763189748563 ),
	( 983::bigint , 47 , 78 , '24/04/2019'::date , 101.32433183103089 ),
	( 984::bigint , 96 , 20 , '24/10/2019'::date , 27.77300394840098 ),
	( 985::bigint , 74 , 46 , '10/06/2019'::date , 29.524334332141347 ),
	( 986::bigint , 24 , 21 , '09/08/2018'::date , 110.36325265515767 ),
	( 987::bigint , 52 , 72 , '01/12/2018'::date , 23.992772085021873 ),
	( 988::bigint , 25 , 79 , '10/06/2018'::date , 61.98650524469516 ),
	( 989::bigint , 14 , 7 , '29/11/2018'::date , 88.32658442901314 ),
	( 990::bigint , 99 , 44 , '17/06/2019'::date , 114.59248982075322 ),
	( 991::bigint , 14 , 79 , '12/05/2018'::date , 35.95795826151759 ),
	( 992::bigint , 96 , 71 , '11/08/2018'::date , 80.3204171738617 ),
	( 993::bigint , 14 , 26 , '12/04/2019'::date , 30.743684140214118 ),
	( 994::bigint , 18 , 46 , '29/09/2018'::date , 67.54114705477684 ),
	( 995::bigint , 18 , 96 , '05/08/2019'::date , 49.8562887816077 ),
	( 996::bigint , 42 , 37 , '28/04/2018'::date , 16.44128045382855 ),
	( 997::bigint , 35 , 50 , '05/05/2019'::date , 86.07668353286277 ),
	( 998::bigint , 7 , 90 , '30/03/2018'::date , 102.42686488838484 ),
	( 999::bigint , 51 , 42 , '08/05/2018'::date , 73.84412989633385 ),
	( 1000::bigint , 32 , 93 , '09/06/2019'::date , 69.19238450092416 ),
	( 1001::bigint , 74 , 12 , '16/08/2018'::date , 56.14479659093938 ),
	( 1002::bigint , 6 , 83 , '21/08/2018'::date , 112.50781770321397 ),
	( 1003::bigint , 2 , 66 , '20/10/2019'::date , 56.676226969343446 ),
	( 1004::bigint , 40 , 9 , '02/04/2019'::date , 23.3193508152734 ),
	( 1005::bigint , 26 , 49 , '12/09/2019'::date , 105.24453564564972 ),
	( 1006::bigint , 20 , 34 , '20/03/2018'::date , 111.08971783102363 ),
	( 1007::bigint , 2 , 64 , '04/08/2018'::date , 90.25364998440737 ),
	( 1008::bigint , 28 , 48 , '16/12/2019'::date , 111.40355253940642 ),
	( 1009::bigint , 39 , 64 , '21/03/2018'::date , 119.12618510492912 ),
	( 1010::bigint , 9 , 21 , '16/10/2019'::date , 55.33445090576742 ),
	( 1011::bigint , 56 , 35 , '01/04/2019'::date , 70.0478457822233 ),
	( 1012::bigint , 47 , 25 , '26/05/2018'::date , 87.10443451768323 ),
	( 1013::bigint , 85 , 8 , '15/11/2018'::date , 65.84125774431507 ),
	( 1014::bigint , 28 , 17 , '24/04/2018'::date , 101.69908733151473 ),
	( 1015::bigint , 57 , 88 , '04/07/2019'::date , 54.39936470329958 ),
	( 1016::bigint , 48 , 96 , '07/12/2019'::date , 11.99273639362038 ),
	( 1017::bigint , 38 , 68 , '24/03/2018'::date , 76.68658749491217 ),
	( 1018::bigint , 89 , 40 , '31/05/2019'::date , 27.61319253369752 ),
	( 1019::bigint , 67 , 89 , '04/05/2019'::date , 80.33276131939 ),
	( 1020::bigint , 54 , 90 , '17/02/2018'::date , 20.897506777840974 ),
	( 1021::bigint , 61 , 95 , '01/12/2019'::date , 21.87491207744734 ),
	( 1022::bigint , 96 , 79 , '02/04/2019'::date , 47.85029984278366 ),
	( 1023::bigint , 83 , 91 , '27/03/2018'::date , 20.041724747904933 ),
	( 1024::bigint , 63 , 57 , '05/12/2019'::date , 101.0024677314128 ),
	( 1025::bigint , 62 , 82 , '10/02/2018'::date , 61.07826044474923 ),
	( 1026::bigint , 51 , 44 , '05/12/2019'::date , 51.10803488544471 ),
	( 1027::bigint , 76 , 96 , '21/01/2018'::date , 21.488785667828218 ),
	( 1028::bigint , 89 , 17 , '05/03/2018'::date , 50.454065054305 ),
	( 1029::bigint , 55 , 86 , '10/12/2019'::date , 89.3858285350214 ),
	( 1030::bigint , 68 , 3 , '07/01/2018'::date , 32.39757533242607 ),
	( 1031::bigint , 54 , 41 , '30/05/2019'::date , 36.22048416971681 ),
	( 1032::bigint , 48 , 4 , '22/06/2019'::date , 112.81506084444409 ),
	( 1033::bigint , 45 , 77 , '25/12/2018'::date , 42.796675244979106 ),
	( 1034::bigint , 68 , 42 , '26/12/2019'::date , 27.08956561647768 ),
	( 1035::bigint , 79 , 32 , '07/10/2019'::date , 78.06346290072005 ),
	( 1036::bigint , 69 , 92 , '27/06/2019'::date , 96.60463732865975 ),
	( 1037::bigint , 71 , 18 , '16/01/2019'::date , 19.520831774058337 ),
	( 1038::bigint , 14 , 11 , '27/12/2018'::date , 88.13098579204977 ),
	( 1039::bigint , 93 , 95 , '22/04/2019'::date , 72.01449303124483 ),
	( 1040::bigint , 64 , 1 , '08/06/2018'::date , 80.09378128976569 ),
	( 1041::bigint , 70 , 13 , '04/12/2019'::date , 15.781139338080504 ),
	( 1042::bigint , 66 , 40 , '16/04/2018'::date , 38.81507392120875 ),
	( 1043::bigint , 51 , 94 , '13/01/2018'::date , 40.020862565311546 ),
	( 1044::bigint , 50 , 82 , '28/02/2018'::date , 40.10801725811284 ),
	( 1045::bigint , 86 , 19 , '16/01/2019'::date , 51.24699205431454 ),
	( 1046::bigint , 15 , 95 , '05/01/2019'::date , 62.060708476592005 ),
	( 1047::bigint , 3 , 93 , '02/10/2019'::date , 42.89130815555287 ),
	( 1048::bigint , 4 , 76 , '17/12/2019'::date , 110.61420260128907 ),
	( 1049::bigint , 75 , 34 , '14/07/2018'::date , 29.532613798364967 ),
	( 1050::bigint , 28 , 76 , '17/06/2019'::date , 107.94093398541527 ),
	( 1051::bigint , 81 , 28 , '25/06/2019'::date , 93.37922786228908 ),
	( 1052::bigint , 78 , 37 , '30/03/2019'::date , 15.832848349023514 ),
	( 1053::bigint , 29 , 59 , '12/09/2019'::date , 33.388304281532626 ),
	( 1054::bigint , 36 , 77 , '08/01/2018'::date , 77.97096362137412 ),
	( 1055::bigint , 66 , 93 , '08/09/2019'::date , 19.73398358279872 ),
	( 1056::bigint , 83 , 52 , '05/03/2019'::date , 108.54509352914174 ),
	( 1057::bigint , 98 , 76 , '06/01/2018'::date , 37.207245054830494 ),
	( 1058::bigint , 95 , 29 , '01/04/2018'::date , 27.331949197413095 ),
	( 1059::bigint , 79 , 82 , '12/01/2018'::date , 77.39579676075138 ),
	( 1060::bigint , 28 , 46 , '05/08/2018'::date , 98.97439668782177 ),
	( 1061::bigint , 14 , 38 , '06/10/2019'::date , 37.349656456577385 ),
	( 1062::bigint , 94 , 6 , '23/09/2018'::date , 39.62930378479025 ),
	( 1063::bigint , 63 , 88 , '10/03/2018'::date , 14.656162448574609 ),
	( 1064::bigint , 11 , 8 , '04/01/2018'::date , 11.913587150527608 ),
	( 1065::bigint , 56 , 66 , '10/01/2019'::date , 65.52475710744524 ),
	( 1066::bigint , 12 , 70 , '28/08/2018'::date , 58.64695529617599 ),
	( 1067::bigint , 38 , 50 , '30/09/2018'::date , 32.69440236221055 ),
	( 1068::bigint , 53 , 32 , '19/09/2019'::date , 42.85488149828092 ),
	( 1069::bigint , 24 , 60 , '28/07/2019'::date , 44.08327594102221 ),
	( 1070::bigint , 59 , 14 , '22/01/2019'::date , 28.144555995925124 ),
	( 1071::bigint , 54 , 57 , '18/02/2018'::date , 107.1688705439836 ),
	( 1072::bigint , 7 , 87 , '01/03/2018'::date , 58.24754097416295 ),
	( 1073::bigint , 11 , 38 , '22/01/2019'::date , 107.28678921606 ),
	( 1074::bigint , 84 , 29 , '09/02/2018'::date , 100.03556245001406 ),
	( 1075::bigint , 15 , 92 , '10/10/2019'::date , 21.385657228146833 ),
	( 1076::bigint , 99 , 93 , '23/09/2018'::date , 108.22945728524697 ),
	( 1077::bigint , 94 , 74 , '26/01/2018'::date , 19.195837685233514 ),
	( 1078::bigint , 66 , 39 , '03/07/2018'::date , 49.53281089752417 ),
	( 1079::bigint , 34 , 15 , '03/03/2019'::date , 63.034977044409466 ),
	( 1080::bigint , 32 , 45 , '13/08/2018'::date , 57.130181837398595 ),
	( 1081::bigint , 52 , 92 , '06/11/2018'::date , 21.940229647454238 ),
	( 1082::bigint , 18 , 70 , '12/03/2018'::date , 83.60094822689489 ),
	( 1083::bigint , 91 , 82 , '25/07/2019'::date , 77.36150082180102 ),
	( 1084::bigint , 4 , 15 , '18/07/2018'::date , 76.62541028947689 ),
	( 1085::bigint , 55 , 2 , '22/02/2019'::date , 99.05892207006235 ),
	( 1086::bigint , 38 , 77 , '25/09/2019'::date , 85.82623125745464 ),
	( 1087::bigint , 46 , 56 , '09/06/2019'::date , 28.05640252943298 ),
	( 1088::bigint , 34 , 19 , '27/11/2018'::date , 68.61219231551017 ),
	( 1089::bigint , 17 , 95 , '06/10/2019'::date , 39.93544046284107 ),
	( 1090::bigint , 42 , 59 , '02/05/2018'::date , 40.71046695190398 ),
	( 1091::bigint , 40 , 80 , '04/05/2019'::date , 59.85782983827251 ),
	( 1092::bigint , 75 , 1 , '23/02/2018'::date , 95.47524915055504 ),
	( 1093::bigint , 15 , 21 , '06/11/2019'::date , 76.39055004056226 ),
	( 1094::bigint , 98 , 90 , '24/01/2018'::date , 117.80385541343004 ),
	( 1095::bigint , 69 , 43 , '06/01/2018'::date , 62.11136653808834 ),
	( 1096::bigint , 73 , 45 , '28/03/2018'::date , 72.14411106495072 ),
	( 1097::bigint , 30 , 14 , '09/07/2019'::date , 81.4494474145344 ),
	( 1098::bigint , 38 , 26 , '11/12/2018'::date , 76.88391040898881 ),
	( 1099::bigint , 96 , 56 , '07/09/2019'::date , 119.41840040460386 ),
	( 1100::bigint , 84 , 67 , '13/01/2019'::date , 53.77693248124877 ),
	( 1101::bigint , 4 , 62 , '17/08/2019'::date , 30.023653646588883 ),
	( 1102::bigint , 26 , 11 , '03/06/2018'::date , 90.07027144794694 ),
	( 1103::bigint , 89 , 32 , '19/08/2018'::date , 117.74011422534464 ),
	( 1104::bigint , 36 , 9 , '10/03/2019'::date , 109.44383335784455 ),
	( 1105::bigint , 62 , 4 , '31/07/2019'::date , 57.35836707383216 ),
	( 1106::bigint , 97 , 29 , '29/11/2019'::date , 21.58412900322404 ),
	( 1107::bigint , 59 , 40 , '01/05/2018'::date , 74.79367875297689 ),
	( 1108::bigint , 0 , 21 , '21/08/2019'::date , 61.52403685391642 ),
	( 1109::bigint , 88 , 22 , '23/08/2018'::date , 88.53142098383015 ),
	( 1110::bigint , 79 , 90 , '25/08/2018'::date , 61.734299480642356 ),
	( 1111::bigint , 63 , 24 , '31/01/2018'::date , 34.13102329744568 ),
	( 1112::bigint , 57 , 28 , '14/12/2019'::date , 19.155398342889534 ),
	( 1113::bigint , 55 , 48 , '23/09/2018'::date , 102.39968867185333 ),
	( 1114::bigint , 13 , 10 , '21/01/2019'::date , 118.01350065991181 ),
	( 1115::bigint , 79 , 0 , '23/07/2018'::date , 96.445588554169 ),
	( 1116::bigint , 18 , 35 , '01/11/2019'::date , 63.23113116497169 ),
	( 1117::bigint , 37 , 11 , '06/02/2019'::date , 54.37469780929125 ),
	( 1118::bigint , 72 , 33 , '18/01/2019'::date , 35.315489484298816 ),
	( 1119::bigint , 20 , 2 , '24/08/2019'::date , 52.88563861321267 ),
	( 1120::bigint , 13 , 19 , '17/12/2018'::date , 114.5423702244385 ),
	( 1121::bigint , 36 , 41 , '05/05/2018'::date , 51.977035476622376 ),
	( 1122::bigint , 94 , 91 , '28/06/2019'::date , 97.83985449680506 ),
	( 1123::bigint , 56 , 64 , '11/10/2019'::date , 63.348083271965336 ),
	( 1124::bigint , 65 , 32 , '23/12/2018'::date , 60.56022353930927 ),
	( 1125::bigint , 68 , 55 , '26/05/2019'::date , 91.86358260528793 ),
	( 1126::bigint , 95 , 46 , '09/03/2019'::date , 101.02224107786911 ),
	( 1127::bigint , 11 , 52 , '15/09/2019'::date , 83.80197364165187 ),
	( 1128::bigint , 74 , 68 , '04/09/2018'::date , 119.45797221727568 ),
	( 1129::bigint , 28 , 62 , '13/08/2018'::date , 89.97669055735304 ),
	( 1130::bigint , 65 , 5 , '17/06/2019'::date , 55.62115211355525 ),
	( 1131::bigint , 56 , 55 , '23/01/2018'::date , 17.47006394138664 ),
	( 1132::bigint , 96 , 63 , '23/08/2018'::date , 33.57697546808541 ),
	( 1133::bigint , 47 , 45 , '13/02/2018'::date , 20.226722127697272 ),
	( 1134::bigint , 71 , 67 , '10/11/2018'::date , 48.59461293997772 ),
	( 1135::bigint , 21 , 89 , '15/01/2019'::date , 10.614056719705134 ),
	( 1136::bigint , 84 , 55 , '18/09/2019'::date , 94.6567633599022 ),
	( 1137::bigint , 57 , 33 , '28/03/2019'::date , 115.32992989903346 ),
	( 1138::bigint , 45 , 12 , '07/05/2018'::date , 65.84916609249785 ),
	( 1139::bigint , 4 , 94 , '15/01/2018'::date , 30.985227588320278 ),
	( 1140::bigint , 62 , 85 , '22/12/2019'::date , 85.80085059061915 ),
	( 1141::bigint , 80 , 86 , '18/11/2018'::date , 84.90867218938565 ),
	( 1142::bigint , 21 , 34 , '20/05/2018'::date , 100.35645354450884 ),
	( 1143::bigint , 82 , 52 , '23/10/2018'::date , 20.999512152152015 ),
	( 1144::bigint , 67 , 30 , '14/11/2019'::date , 32.08928143383608 ),
	( 1145::bigint , 59 , 97 , '02/01/2018'::date , 99.43769836181227 ),
	( 1146::bigint , 61 , 15 , '07/04/2019'::date , 69.83842480641124 ),
	( 1147::bigint , 36 , 91 , '25/05/2019'::date , 24.15595117119441 ),
	( 1148::bigint , 68 , 81 , '02/12/2018'::date , 83.50768032212525 ),
	( 1149::bigint , 41 , 13 , '15/05/2019'::date , 61.63915658612794 ),
	( 1150::bigint , 91 , 93 , '25/09/2019'::date , 20.385801383251007 ),
	( 1151::bigint , 84 , 34 , '11/10/2018'::date , 14.796392348106956 ),
	( 1152::bigint , 71 , 83 , '27/03/2019'::date , 89.13658907001981 ),
	( 1153::bigint , 5 , 94 , '19/02/2019'::date , 47.55165358687349 ),
	( 1154::bigint , 16 , 27 , '05/04/2019'::date , 71.08462805529459 ),
	( 1155::bigint , 4 , 25 , '17/12/2018'::date , 87.16407830950175 ),
	( 1156::bigint , 17 , 74 , '28/12/2019'::date , 100.76709098279892 ),
	( 1157::bigint , 22 , 51 , '02/09/2018'::date , 87.87281476724615 ),
	( 1158::bigint , 1 , 96 , '12/02/2018'::date , 74.75336072195175 ),
	( 1159::bigint , 40 , 70 , '24/03/2018'::date , 75.2711385365091 ),
	( 1160::bigint , 91 , 57 , '12/05/2019'::date , 61.42246877319836 ),
	( 1161::bigint , 5 , 88 , '30/03/2019'::date , 116.56467419846626 ),
	( 1162::bigint , 19 , 28 , '04/05/2019'::date , 54.32332097251162 ),
	( 1163::bigint , 17 , 49 , '18/05/2018'::date , 99.55055286807557 ),
	( 1164::bigint , 44 , 38 , '04/03/2019'::date , 79.87718373808687 ),
	( 1165::bigint , 35 , 73 , '14/01/2019'::date , 117.37237855087386 ),
	( 1166::bigint , 17 , 63 , '08/03/2019'::date , 36.879688600191145 ),
	( 1167::bigint , 93 , 50 , '05/01/2019'::date , 62.398687957766846 ),
	( 1168::bigint , 19 , 83 , '02/12/2018'::date , 14.125853132236355 ),
	( 1169::bigint , 2 , 66 , '07/10/2019'::date , 78.27028409497929 ),
	( 1170::bigint , 50 , 53 , '30/11/2019'::date , 101.37486051636307 ),
	( 1171::bigint , 69 , 4 , '26/02/2019'::date , 112.7456231390402 ),
	( 1172::bigint , 95 , 42 , '10/08/2018'::date , 88.03181949693773 ),
	( 1173::bigint , 33 , 79 , '12/07/2018'::date , 49.330789375592516 ),
	( 1174::bigint , 84 , 36 , '16/05/2018'::date , 107.14715275977986 ),
	( 1175::bigint , 19 , 76 , '25/10/2019'::date , 113.73483929732934 ),
	( 1176::bigint , 93 , 8 , '03/06/2018'::date , 104.4244938961999 ),
	( 1177::bigint , 59 , 10 , '29/07/2018'::date , 97.84044187351397 ),
	( 1178::bigint , 57 , 59 , '28/11/2018'::date , 104.29910336678121 ),
	( 1179::bigint , 40 , 39 , '30/09/2018'::date , 11.766210246301249 ),
	( 1180::bigint , 18 , 23 , '16/11/2019'::date , 47.19631889980222 ),
	( 1181::bigint , 43 , 64 , '25/02/2018'::date , 77.01126135336125 ),
	( 1182::bigint , 87 , 68 , '12/11/2019'::date , 26.19997330687198 ),
	( 1183::bigint , 16 , 37 , '27/02/2018'::date , 39.35743520417062 ),
	( 1184::bigint , 67 , 79 , '28/04/2019'::date , 101.32536422142316 ),
	( 1185::bigint , 75 , 99 , '21/04/2018'::date , 113.26328691932498 ),
	( 1186::bigint , 48 , 61 , '27/05/2018'::date , 60.19609440181629 ),
	( 1187::bigint , 52 , 52 , '15/06/2019'::date , 109.88536718095902 ),
	( 1188::bigint , 73 , 92 , '30/12/2019'::date , 73.07858936027674 ),
	( 1189::bigint , 18 , 16 , '05/09/2019'::date , 74.10596023407167 ),
	( 1190::bigint , 90 , 30 , '13/01/2019'::date , 33.71645367915804 ),
	( 1191::bigint , 45 , 44 , '03/08/2019'::date , 88.96091768921623 ),
	( 1192::bigint , 35 , 2 , '13/01/2018'::date , 67.3860374224098 ),
	( 1193::bigint , 98 , 92 , '15/05/2018'::date , 91.33169252470016 ),
	( 1194::bigint , 16 , 78 , '12/06/2019'::date , 15.772013913130577 ),
	( 1195::bigint , 6 , 24 , '18/12/2018'::date , 81.76588503884571 ),
	( 1196::bigint , 32 , 83 , '13/04/2019'::date , 106.53186809560779 ),
	( 1197::bigint , 71 , 20 , '24/05/2018'::date , 58.36410995326582 ),
	( 1198::bigint , 36 , 96 , '21/06/2018'::date , 98.82487831598704 ),
	( 1199::bigint , 25 , 37 , '08/04/2018'::date , 46.96796352071039 );

